Source,Target,职业名称,Relation
1-01-00,1-01,中国共产党机关负责人,BELONGS_TO
1-01-00-01,1-01-00,中国共产党机关负责人,BELONGS_TO
1-01-00-02,1-01-00,中国共产党基层组织负责人,BELONGS_TO
1-02-01,1-02,国家权力机关负责人,BELONGS_TO
1-02-01-00,1-02-01,国家权力机关负责人,BELONGS_TO
1-02-02,1-02,国家行政机关负责人,BELONGS_TO
1-02-02-00,1-02-02,国家行政机关负责人,BELONGS_TO
1-02-03,1-02,人民政府机关负责人,BELONGS_TO
1-02-03-00,1-02-03,人民政府机关负责人,BELONGS_TO
1-02-04,1-02,监察机关负责人,BELONGS_TO
1-02-04-00,1-02-04,监察机关负责人,BELONGS_TO
1-02-05,1-02,人民法院和人民检察院负责人,BELONGS_TO
1-02-05-01,1-02-05,人民法院负责人,BELONGS_TO
1-02-05-02,1-02-05,人民检察院负责人,BELONGS_TO
1-03-00,1-03,民主党派和工商联负责人,BELONGS_TO
1-03-00-01,1-03-00,民主党派负责人,BELONGS_TO
1-03-00-02,1-03-00,工商联负责人,BELONGS_TO
1-04-01,1-04,人民团体和群众团体负责人,BELONGS_TO
1-04-01-01,1-04-01,工会负责人,BELONGS_TO
1-04-01-02,1-04-01,共青团员负责人,BELONGS_TO
1-04-01-03,1-04-01,妇联负责人,BELONGS_TO
1-04-01-04,1-04-01,其他人民团体和群众团体负责人,BELONGS_TO
1-04-02,1-04,社会团体负责人,BELONGS_TO
1-04-02-00,1-04-02,社会团体负责人,BELONGS_TO
1-04-03,1-04,民办非企业单位负责人,BELONGS_TO
1-04-03-00,1-04-03,民办非企业单位负责人,BELONGS_TO
1-04-04,1-04,社会中介组织负责人,BELONGS_TO
1-04-04-00,1-04-04,社会中介组织负责人,BELONGS_TO
1-04-05,1-04,基金会负责人,BELONGS_TO
1-04-05-00,1-04-05,基金会负责人,BELONGS_TO
1-04-06,1-04,宗教组织负责人,BELONGS_TO
1-04-06-00,1-04-06,宗教组织负责人,BELONGS_TO
1-05-00,1-05,基层群众自治组织负责人,BELONGS_TO
1-05-00-01,1-05-00,居民委员会负责人,BELONGS_TO
1-05-00-02,1-05-00,村民委员会负责人,BELONGS_TO
1-06-01,1-06,企业负责人,BELONGS_TO
1-06-01-01,1-06-01,企业董事,BELONGS_TO
1-06-01-02,1-06-01,企业经理,BELONGS_TO
1-06-01-03,1-06-01,国有企业中国共产党组织负责人,BELONGS_TO
1-06-02,1-06,事业单位负责人,BELONGS_TO
1-06-02-00,1-06-02,事业单位负责人,BELONGS_TO
2-01-01,2-01,哲学研究人员,BELONGS_TO
2-01-01-00,2-01-01,哲学研究人员,BELONGS_TO
2-01-02,2-01,经济学研究人员,BELONGS_TO
2-01-02-00,2-01-02,经济学研究人员,BELONGS_TO
2-01-03,2-01,法学研究人员,BELONGS_TO
2-01-03-00,2-01-03,法学研究人员,BELONGS_TO
2-01-04,2-01,教育学研究人员,BELONGS_TO
2-01-04-01,2-01-04,教育学研究人员,BELONGS_TO
2-01-04-02,2-01-04,心理学研究人员,BELONGS_TO
2-01-04-03,2-01-04,体育学研究人员,BELONGS_TO
2-01-05,2-01,历史学研究人员,BELONGS_TO
2-01-05-00,2-01-05,历史学研究人员,BELONGS_TO
2-01-06,2-01,自然科学和地球科学研究人员,BELONGS_TO
2-01-06-01,2-01-06,数学研究人员,BELONGS_TO
2-01-06-02,2-01-06,物理学研究人员,BELONGS_TO
2-01-06-03,2-01-06,化学研究人员,BELONGS_TO
2-01-06-04,2-01-06,天文学研究人员,BELONGS_TO
2-01-06-05,2-01-06,生物学研究人员,BELONGS_TO
2-01-06-06,2-01-06,地球科学研究人员,BELONGS_TO
2-01-07,2-01,农业科学研究人员,BELONGS_TO
2-01-07-00,2-01-07,农业科学研究人员,BELONGS_TO
2-01-08,2-01,医学研究人员,BELONGS_TO
2-01-08-00,2-01-08,医学研究人员,BELONGS_TO
2-01-09,2-01,管理学研究人员,BELONGS_TO
2-01-09-00,2-01-09,管理学研究人员,BELONGS_TO
2-01-10,2-01,文学、艺术学研究人员,BELONGS_TO
2-01-10-00,2-01-10,文学、艺术学研究人员,BELONGS_TO
2-01-11,2-01,军事学研究人员,BELONGS_TO
2-01-11-00,2-01-11,军事学研究人员,BELONGS_TO
2-01-99,2-01,其他科学研究人员,BELONGS_TO
2-02-01,2-02,地质勘探工程技术人员,BELONGS_TO
2-02-01-01,2-02-01,地质实验测试工程技术人员,BELONGS_TO
2-02-01-02,2-02-01,地球物理地球化学与遥感勘查工程技术人员,BELONGS_TO
2-02-01-03,2-02-01,水工环地质工程技术人员,BELONGS_TO
2-02-01-04,2-02-01,地质矿产调查工程技术人员,BELONGS_TO
2-02-01-05,2-02-01,钻探工程技术人员,BELONGS_TO
2-02-02,2-02,测绘和地理信息工程技术人员,BELONGS_TO
2-02-02-01,2-02-02,大地测量工程技术人员 L/S,BELONGS_TO
2-02-02-02,2-02-02,工程测量工程技术人员 S,BELONGS_TO
2-02-02-03,2-02-02,摄影测量与遥感工程技术人员 L/S,BELONGS_TO
2-02-02-04,2-02-02,地图制图工程技术人员S,BELONGS_TO
2-02-02-05,2-02-02,海洋测绘工程技术人员 L/S,BELONGS_TO
2-02-02-06,2-02-02,地理国情监测工程技术人员 L/S,BELONGS_TO
2-02-02-07,2-02-02,地理信息系统工程技术人员 L/S,BELONGS_TO
2-02-02-08,2-02-02,导航与位置服务工程技术人员 L/S,BELONGS_TO
2-02-02-09,2-02-02,地质测绘工程技术人员 L/S,BELONGS_TO
2-02-03,2-02,矿山工程技术人员,BELONGS_TO
2-02-03-01,2-02-03,矿井建设工程技术人员,BELONGS_TO
2-02-03-02,2-02-03,采矿工程技术人员,BELONGS_TO
2-02-03-03,2-02-03,矿山通风工程技术人员,BELONGS_TO
2-02-03-04,2-02-03,选矿与矿物加工工程技术人员,BELONGS_TO
2-02-03-05,2-02-03,矿山环保复垦工程技术人员,BELONGS_TO
2-02-04,2-02,石油天然气工程技术人员,BELONGS_TO
2-02-04-01,2-02-04,石油天然气开采工程技术人员,BELONGS_TO
2-02-04-02,2-02-04,石油天然气储运工程技术人员,BELONGS_TO
2-02-05,2-02,冶金工程技术人员,BELONGS_TO
2-02-05-01,2-02-05,冶炼工程技术人员,BELONGS_TO
2-02-05-02,2-02-05,轧制工程技术人员,BELONGS_TO
2-02-05-03,2-02-05,焦化工程技术人员,BELONGS_TO
2-02-05-04,2-02-05,金属材料工程技术人员,BELONGS_TO
2-02-05-05,2-02-05,耐火材料工程技术人员,BELONGS_TO
2-02-05-06,2-02-05,炭素材料工程技术人员,BELONGS_TO
2-02-05-07,2-02-05,冶金热能工程技术人员,BELONGS_TO
2-02-05-08,2-02-05,铸管工程技术人员,BELONGS_TO
2-02-05-09,2-02-05,稀土工程技术人员,BELONGS_TO
2-02-06,2-02,化工工程技术人员,BELONGS_TO
2-02-06-01,2-02-06,化工实验工程技术人员,BELONGS_TO
2-02-06-02,2-02-06,化工设计工程技术人员,BELONGS_TO
2-02-06-03,2-02-06,化工生产工程技术人员,BELONGS_TO
2-02-07,2-02,机械工程技术人员,BELONGS_TO
2-02-07-01,2-02-07,机械设计工程技术人员,BELONGS_TO
2-02-07-02,2-02-07,机械制造工程技术人员,BELONGS_TO
2-02-07-03,2-02-07,仪器仪表工程技术人员,BELONGS_TO
2-02-07-04,2-02-07,设备工程技术人员,BELONGS_TO
2-02-07-05,2-02-07,医学设备管理工程技术人员,BELONGS_TO
2-02-07-06,2-02-07,模具设计工程技术人员,BELONGS_TO
2-02-07-07,2-02-07,自动控制工程技术人员 S,BELONGS_TO
2-02-07-08,2-02-07,材料成形与改性工程技术人员,BELONGS_TO
2-02-07-09,2-02-07,焊接工程技术人员,BELONGS_TO
2-02-07-10,2-02-07,特种设备管理和应用工程技术人员,BELONGS_TO
2-02-07-11,2-02-07,汽车工程技术人员 L,BELONGS_TO
2-02-07-12,2-02-07,船舶工程技术人员,BELONGS_TO
2-02-07-13,2-02-07,铸造工程技术人员,BELONGS_TO
2-02-08,2-02,航空工程技术人员,BELONGS_TO
2-02-08-01,2-02-08,飞行器设计工程技术人员,BELONGS_TO
2-02-08-02,2-02-08,飞行器制造工程技术人员,BELONGS_TO
2-02-08-03,2-02-08,航空动力装置设计工程技术人员,BELONGS_TO
2-02-08-04,2-02-08,航空动力装置制造工程技术人员,BELONGS_TO
2-02-08-05,2-02-08,航空产品试验与飞行试验工程技术人员,BELONGS_TO
2-02-08-06,2-02-08,航空产品适航工程技术人员,BELONGS_TO
2-02-08-07,2-02-08,航空产品支援工程技术人员,BELONGS_TO
2-02-08-08,2-02-08,机载设备设计制造工程技术人员,BELONGS_TO
2-02-09,2-02,电子工程技术人员,BELONGS_TO
2-02-09-01,2-02-09,电子材料工程技术人员,BELONGS_TO
2-02-09-02,2-02-09,电子元器件工程技术人员,BELONGS_TO
2-02-09-03,2-02-09,雷达导航工程技术人员 S,BELONGS_TO
2-02-09-04,2-02-09,电子仪器与电子测量工程技术人员,BELONGS_TO
2-02-09-05,2-02-09,广播视听设备工程技术人员 S,BELONGS_TO
2-02-10,2-02,信息和通信工程技术人员,BELONGS_TO
2-02-10-01,2-02-10,通信工程技术人员 S,BELONGS_TO
2-02-10-02,2-02-10,计算机硬件工程技术人员,BELONGS_TO
2-02-10-03,2-02-10,计算机软件工程技术人员 S,BELONGS_TO
2-02-10-04,2-02-10,计算机网络工程技术人员 S,BELONGS_TO
2-02-10-05,2-02-10,信息系统分析工程技术人员 S,BELONGS_TO
2-02-10-06,2-02-10,嵌入式系统设计工程技术人员 S,BELONGS_TO
2-02-10-07,2-02-10,信息安全工程技术人员 S,BELONGS_TO
2-02-10-08,2-02-10,信息系统运行维护工程技术人员 S,BELONGS_TO
2-02-11,2-02,电气工程技术人员,BELONGS_TO
2-02-11-01,2-02-11,电工电器工程技术人员,BELONGS_TO
2-02-11-02,2-02-11,电缆光缆工程技术人员,BELONGS_TO
2-02-11-03,2-02-11,光源与照明工程技术人员,BELONGS_TO
2-02-12,2-02,电力工程技术人员,BELONGS_TO
2-02-12-01,2-02-12,发电工程技术人员 L,BELONGS_TO
2-02-12-02,2-02-12,供用电工程技术人员 L,BELONGS_TO
2-02-12-03,2-02-12,变电工程技术人员 L,BELONGS_TO
2-02-12-04,2-02-12,输电工程技术人员 L,BELONGS_TO
2-02-12-05,2-02-12,电力工程安装工程技术人员 L,BELONGS_TO
2-02-13,2-02,邮政和快递工程技术人员,BELONGS_TO
2-02-13-01,2-02-13,邮政工程技术人员,BELONGS_TO
2-02-13-02,2-02-13,快递工程技术人员,BELONGS_TO
2-02-14,2-02,广播电影电视及演艺设备工程技术人员,BELONGS_TO
2-02-14-01,2-02-14,广播电视制播工程技术人员,BELONGS_TO
2-02-14-02,2-02-14,广播电视传输覆盖工程技术人员 S,BELONGS_TO
2-02-14-03,2-02-14,电影工程技术人员,BELONGS_TO
2-02-14-04,2-02-14,演艺设备工程技术人员,BELONGS_TO
2-02-15,2-02,道路和水上运输工程技术人员,BELONGS_TO
2-02-15-01,2-02-15,汽车运用工程技术人员,BELONGS_TO
2-02-15-02,2-02-15,船舶运用工程技术人员,BELONGS_TO
2-02-15-03,2-02-15,水上交通工程技术人员,BELONGS_TO
2-02-15-04,2-02-15,水上救助打捞工程技术人员,BELONGS_TO
2-02-15-05,2-02-15,船舶检验工程技术人员,BELONGS_TO
2-02-15-06,2-02-15,无线电航标操作与维护工程技术人员,BELONGS_TO
2-02-15-07,2-02-15,视觉航标工程技术人员,BELONGS_TO
2-02-15-08,2-02-15,道路交通工程技术人员,BELONGS_TO
2-02-15-09,2-02-15,公路养护工程技术人员,BELONGS_TO
2-02-16,2-02,民用航空工程技术人员,BELONGS_TO
2-02-16-01,2-02-16,民用航空器维修与适航工程技术人员,BELONGS_TO
2-02-16-02,2-02-16,民航空中交通管理工程技术人员,BELONGS_TO
2-02-16-03,2-02-16,民航通用航空工程技术人员,BELONGS_TO
2-02-16-04,2-02-16,民航飞行签证工程技术人员,BELONGS_TO
2-02-17,2-02,铁道工程技术人员,BELONGS_TO
2-02-17-01,2-02-17,铁道运输工程技术人员 L,BELONGS_TO
2-02-17-02,2-02-17,铁道机务工程技术人员,BELONGS_TO
2-02-17-03,2-02-17,铁道车辆工程技术人员,BELONGS_TO
2-02-17-04,2-02-17,铁道电务工程技术人员,BELONGS_TO
2-02-17-05,2-02-17,铁道供电工程技术人员,BELONGS_TO
2-02-17-06,2-02-17,铁道工务工程技术人员,BELONGS_TO
2-02-18,2-02,建筑工程技术人员,BELONGS_TO
2-02-18-01,2-02-18,建筑和市政设计工程技术人员 L,BELONGS_TO
2-02-18-02,2-02-18,土木建筑工程技术人员,BELONGS_TO
2-02-18-03,2-02-18,风景园林工程技术人员 L,BELONGS_TO
2-02-18-04,2-02-18,供水排水工程技术人员 L,BELONGS_TO
2-02-18-05,2-02-18,工程勘察与岩土工程技术人员 S,BELONGS_TO
2-02-18-06,2-02-18,城镇燃气与供热工程技术人员 L,BELONGS_TO
2-02-18-07,2-02-18,环境卫生工程技术人员 L,BELONGS_TO
2-02-18-08,2-02-18,道路与桥隧工程技术人员,BELONGS_TO
2-02-18-09,2-02-18,港口与航道工程技术人员,BELONGS_TO
2-02-18-10,2-02-18,民航机场工程技术人员,BELONGS_TO
2-02-18-11,2-02-18,铁路建筑工程技术人员,BELONGS_TO
2-02-18-12,2-02-18,水利水电建筑工程技术人员,BELONGS_TO
2-02-18-13,2-02-18,爆破工程技术人员,BELONGS_TO
2-02-19,2-02,建材工程技术人员,BELONGS_TO
2-02-19-01,2-02-19,硅酸盐工程技术人员,BELONGS_TO
2-02-19-02,2-02-19,非金属矿及制品工程技术人员,BELONGS_TO
2-02-19-03,2-02-19,无机非金属材料工程技术人员,BELONGS_TO
2-02-19-04,2-02-19,混凝土工程技术人员,BELONGS_TO
2-02-20,2-02,林草工程技术人员,BELONGS_TO
2-02-20-01,2-02-20,防沙治沙工程技术人员 L,BELONGS_TO
2-02-20-02,2-02-20,森林培育工程技术人员 L,BELONGS_TO
2-02-20-03,2-02-20,园林绿化工程技术人员 L,BELONGS_TO
2-02-20-04,2-02-20,野生动物保护利用工程技术人员 L,BELONGS_TO
2-02-20-05,2-02-20,自然保护区工程技术人员 L,BELONGS_TO
2-02-20-06,2-02-20,森林保护工程技术人员 L,BELONGS_TO
2-02-20-07,2-02-20,木竹藤草加工工程技术人员,BELONGS_TO
2-02-20-08,2-02-20,森林采伐和运输工程技术人员,BELONGS_TO
2-02-20-09,2-02-20,经济林产品加工工程技术人员,BELONGS_TO
2-02-20-10,2-02-20,林业资源调查与监测工程技术人员 L,BELONGS_TO
2-02-20-11,2-02-20,园林植物保护工程技术人员 L,BELONGS_TO
2-02-20-12,2-02-20,湿地保护修复工程技术人员 L,BELONGS_TO
2-02-21,2-02,水利工程技术人员,BELONGS_TO
2-02-21-01,2-02-21,水文水资源工程技术人员 L,BELONGS_TO
2-02-21-02,2-02-21,水生态和河湖治理管护工程技术人员 L,BELONGS_TO
2-02-21-03,2-02-21,水利工程管理工程技术人员,BELONGS_TO
2-02-21-04,2-02-21,防汛抗旱减灾工程技术人员 L,BELONGS_TO
2-02-21-05,2-02-21,节水工程技术人员 L,BELONGS_TO
2-02-22,2-02,海洋工程技术人员,BELONGS_TO
2-02-22-01,2-02-22,海洋调查与监测工程技术人员 L/S,BELONGS_TO
2-02-22-02,2-02-22,海洋环境预报工程技术人员 L/S,BELONGS_TO
2-02-22-03,2-02-22,海洋资源开发利用和保护工程技术人员 L,BELONGS_TO
2-02-22-04,2-02-22,海洋工程勘察设计工程技术人员 S,BELONGS_TO
2-02-22-05,2-02-22,海水淡化工程技术人员,BELONGS_TO
2-02-22-06,2-02-22,深潜工程技术人员,BELONGS_TO
2-02-23,2-02,纺织工程技术人员,BELONGS_TO
2-02-23-01,2-02-23,纺织工程技术人员,BELONGS_TO
2-02-23-02,2-02-23,染整工程技术人员,BELONGS_TO
2-02-23-03,2-02-23,化学纤维工程技术人员,BELONGS_TO
2-02-23-04,2-02-23,非织造工程技术人员,BELONGS_TO
2-02-23-05,2-02-23,服装工程技术人员,BELONGS_TO
2-02-24,2-02,食品工程技术人员,BELONGS_TO
2-02-24-00,2-02-24,食品工程技术人员,BELONGS_TO
2-02-25,2-02,气象工程技术人员,BELONGS_TO
2-02-25-01,2-02-25,气象观测工程技术人员 L/S,BELONGS_TO
2-02-25-02,2-02-25,天气预报工程技术人员 L/S,BELONGS_TO
2-02-25-03,2-02-25,气候监测预测工程技术人员 L/S,BELONGS_TO
2-02-25-04,2-02-25,气象服务工程技术人员 L/S,BELONGS_TO
2-02-25-05,2-02-25,人工影响天气工程技术人员 S,BELONGS_TO
2-02-25-06,2-02-25,防雷工程技术人员,BELONGS_TO
2-02-26,2-02,地震工程技术人员,BELONGS_TO
2-02-26-01,2-02-26,地震监测预测工程技术人员 S,BELONGS_TO
2-02-26-02,2-02-26,地震应急救援工程技术人员,BELONGS_TO
2-02-26-03,2-02-26,地震安全性评价工程技术人员,BELONGS_TO
2-02-27,2-02,环境保护工程技术人员,BELONGS_TO
2-02-27-01,2-02-27,环境监测工程技术人员 L,BELONGS_TO
2-02-27-02,2-02-27,环境污染防治工程技术人员 L,BELONGS_TO
2-02-27-03,2-02-27,环境影响评价工程技术人员 L,BELONGS_TO
2-02-27-04,2-02-27,核与辐射安全工程技术人员 L,BELONGS_TO
2-02-27-05,2-02-27,核与辐射监测工程技术人员 L,BELONGS_TO
2-02-27-06,2-02-27,健康安全环境工程技术人员 L,BELONGS_TO
2-02-27-07,2-02-27,碳管理工程技术人员 L,BELONGS_TO
2-02-28,2-02,安全工程技术人员,BELONGS_TO
2-02-28-01,2-02-28,安全技术防范工程技术人员,BELONGS_TO
2-02-28-02,2-02-28,消防工程技术人员,BELONGS_TO
2-02-28-03,2-02-28,安全生产管理工程技术人员,BELONGS_TO
2-02-28-04,2-02-28,安全评价工程技术人员,BELONGS_TO
2-02-28-05,2-02-28,房屋安全鉴定工程技术人员,BELONGS_TO
2-02-28-06,2-02-28,防伪工程技术人员,BELONGS_TO
2-02-29,2-02,标准化、计量、质量和认证认可工程技术人员,BELONGS_TO
2-02-29-01,2-02-29,标准化工程技术人员,BELONGS_TO
2-02-29-02,2-02-29,计量工程技术人员,BELONGS_TO
2-02-29-03,2-02-29,质量管理工程技术人员,BELONGS_TO
2-02-29-04,2-02-29,质量认证认可工程技术人员,BELONGS_TO
2-02-29-05,2-02-29,可靠性工程技术人员,BELONGS_TO
2-02-30,2-02,管理(工业)工程技术人员,BELONGS_TO
2-02-30-01,2-02-30,工业工程技术人员,BELONGS_TO
2-02-30-02,2-02-30,物流工程技术人员 L/S,BELONGS_TO
2-02-30-03,2-02-30,战略规划与管理工程技术人员,BELONGS_TO
2-02-30-04,2-02-30,项目管理工程技术人员,BELONGS_TO
2-02-30-05,2-02-30,再生资源工程技术人员 L,BELONGS_TO
2-02-30-06,2-02-30,能源管理工程技术人员 L,BELONGS_TO
2-02-30-07,2-02-30,监理工程技术人员,BELONGS_TO
2-02-30-08,2-02-30,信息管理工程技术人员 S,BELONGS_TO
2-02-30-09,2-02-30,数据分析处理工程技术人员 S,BELONGS_TO
2-02-30-10,2-02-30,工程造价工程技术人员,BELONGS_TO
2-02-30-11,2-02-30,供应链工程技术人员 S,BELONGS_TO
2-02-30-12,2-02-30,检验检测管理工程技术人员,BELONGS_TO
2-02-31,2-02,检验检疫工程技术人员,BELONGS_TO
2-02-31-01,2-02-31,产品质量检验工程技术人员,BELONGS_TO
2-02-31-02,2-02-31,进出口商品检验鉴定工程技术人员,BELONGS_TO
2-02-31-03,2-02-31,进出境动物和植物检验检疫人员 L,BELONGS_TO
2-02-31-04,2-02-31,特种设备检验检测工程技术人员,BELONGS_TO
2-02-31-05,2-02-31,纤维质量检验工程技术人员,BELONGS_TO
2-02-31-06,2-02-31,卫生检疫人员,BELONGS_TO
2-02-32,2-02,制药工程技术人员,BELONGS_TO
2-02-32-01,2-02-32,制药工程技术人员,BELONGS_TO
2-02-32-02,2-02-32,生物工程技术人员,BELONGS_TO
2-02-33,2-02,印刷复制工程技术人员,BELONGS_TO
2-02-33-00,2-02-33,印刷复制工程技术人员,BELONGS_TO
2-02-34,2-02,工业(产品)设计工程技术人员,BELONGS_TO
2-02-34-01,2-02-34,产品设计工程技术人员,BELONGS_TO
2-02-34-02,2-02-34,工业设计工程技术人员 S,BELONGS_TO
2-02-35,2-02,康复辅具工程技术人员,BELONGS_TO
2-02-35-01,2-02-35,矫形器师,BELONGS_TO
2-02-35-02,2-02-35,假肢师,BELONGS_TO
2-02-35-03,2-02-35,听力师,BELONGS_TO
2-02-36,2-02,轻工工程技术人员,BELONGS_TO
2-02-36-01,2-02-36,制浆造纸工程技术人员,BELONGS_TO
2-02-36-02,2-02-36,皮革化学工程技术人员,BELONGS_TO
2-02-36-03,2-02-36,生物发酵工程技术人员,BELONGS_TO
2-02-36-04,2-02-36,日用化工工程技术人员,BELONGS_TO
2-02-36-05,2-02-36,塑料加工工程技术人员,BELONGS_TO
2-02-37,2-02,国土空间规划与生态修复工程技术人员,BELONGS_TO
2-02-37-01,2-02-37,土地整治与生态修复工程技术人员 L,BELONGS_TO
2-02-37-02,2-02-37,城乡规划工程技术人员 L,BELONGS_TO
2-02-38,2-02,数字技术工程技术人员,BELONGS_TO
2-02-38-01,2-02-38,人工智能工程技术人员 S,BELONGS_TO
2-02-38-02,2-02-38,物联网工程技术人员 S,BELONGS_TO
2-02-38-03,2-02-38,大数据工程技术人员 S,BELONGS_TO
2-02-38-04,2-02-38,云计算工程技术人员 S,BELONGS_TO
2-02-38-05,2-02-38,智能制造工程技术人员 S,BELONGS_TO
2-02-38-06,2-02-38,工业互联网工程技术人员 S,BELONGS_TO
2-02-38-07,2-02-38,虚拟现实工程技术人员 S,BELONGS_TO
2-02-38-08,2-02-38,区块链工程技术人员 S,BELONGS_TO
2-02-38-09,2-02-38,集成电路工程技术人员 S,BELONGS_TO
2-02-38-10,2-02-38,机器人工程技术人员 S,BELONGS_TO
2-02-38-11,2-02-38,增材制造工程技术人员 L/S,BELONGS_TO
2-02-38-12,2-02-38,数据安全工程技术人员 S,BELONGS_TO
2-02-38-13,2-02-38,密码工程技术人员 S,BELONGS_TO
2-02-99,2-02,其他工程技术人员,BELONGS_TO
2-03-01,2-03,土壤肥料技术人员,BELONGS_TO
2-03-01-00,2-03-01,土壤肥料技术人员,BELONGS_TO
2-03-02,2-03,农业技术指导人员,BELONGS_TO
2-03-02-00,2-03-02,农业技术指导人员,BELONGS_TO
2-03-03,2-03,植物保护技术人员,BELONGS_TO
2-03-03-00,2-03-03,植物保护技术人员 L,BELONGS_TO
2-03-04,2-03,园艺技术人员,BELONGS_TO
2-03-04-00,2-03-04,园艺技术人员 L,BELONGS_TO
2-03-05,2-03,作物遗传育种栽培技术人员,BELONGS_TO
2-03-05-00,2-03-05,作物遗传育种栽培技术人员,BELONGS_TO
2-03-06,2-03,兽医兽药技术人员,BELONGS_TO
2-03-06-01,2-03-06,兽医,BELONGS_TO
2-03-06-02,2-03-06,兽药技术人员,BELONGS_TO
2-03-06-03,2-03-06,宠物医师,BELONGS_TO
2-03-07,2-03,畜牧与草业技术人员,BELONGS_TO
2-03-07-01,2-03-07,畜牧技术人员,BELONGS_TO
2-03-07-02,2-03-07,草业技术人员,BELONGS_TO
2-03-08,2-03,水产技术人员,BELONGS_TO
2-03-08-01,2-03-08,水产养殖技术人员,BELONGS_TO
2-03-08-02,2-03-08,渔业资源开发利用技术人员,BELONGS_TO
2-03-09,2-03,农业工程技术人员,BELONGS_TO
2-03-09-00,2-03-09,农业工程技术人员,BELONGS_TO
2-03-99,2-03,其他农业技术人员,BELONGS_TO
2-04-01,2-04,飞行人员和领航人员,BELONGS_TO
2-04-01-01,2-04-01,飞行驾驶员,BELONGS_TO
2-04-01-02,2-04-01,飞行机械员,BELONGS_TO
2-04-01-03,2-04-01,飞行领航员,BELONGS_TO
2-04-01-04,2-04-01,飞行通信员,BELONGS_TO
2-04-02,2-04,船舶指挥和引航人员,BELONGS_TO
2-04-02-01,2-04-02,甲板部技术人员,BELONGS_TO
2-04-02-02,2-04-02,轮机部技术人员,BELONGS_TO
2-04-02-03,2-04-02,船舶引航员,BELONGS_TO
2-04-99,2-04,其他飞机和船舶技术人员,BELONGS_TO
2-05-01,2-05,临床和口腔医师,BELONGS_TO
2-05-01-01,2-05-01,内科医师,BELONGS_TO
2-05-01-02,2-05-01,外科医师,BELONGS_TO
2-05-01-03,2-05-01,儿科医师,BELONGS_TO
2-05-01-04,2-05-01,妇产科医师,BELONGS_TO
2-05-01-05,2-05-01,眼科医师,BELONGS_TO
2-05-01-06,2-05-01,耳鼻咽喉科医师,BELONGS_TO
2-05-01-07,2-05-01,口腔科医师,BELONGS_TO
2-05-01-08,2-05-01,皮肤科医师,BELONGS_TO
2-05-01-09,2-05-01,精神科医师,BELONGS_TO
2-05-01-10,2-05-01,传染病科医师,BELONGS_TO
2-05-01-11,2-05-01,急诊科医师,BELONGS_TO
2-05-01-12,2-05-01,康复科医师,BELONGS_TO
2-05-01-13,2-05-01,麻醉科医师,BELONGS_TO
2-05-01-14,2-05-01,病理科医师,BELONGS_TO
2-05-01-15,2-05-01,放射科医师,BELONGS_TO
2-05-01-16,2-05-01,核医学科医师,BELONGS_TO
2-05-01-17,2-05-01,超声科医师,BELONGS_TO
2-05-01-18,2-05-01,肿瘤科医师,BELONGS_TO
2-05-01-19,2-05-01,全科医师,BELONGS_TO
2-05-01-20,2-05-01,医学遗传科医师,BELONGS_TO
2-05-01-21,2-05-01,妇幼保健医师,BELONGS_TO
2-05-01-22,2-05-01,疼痛科医师,BELONGS_TO
2-05-01-23,2-05-01,重症医学科医师,BELONGS_TO
2-05-01-24,2-05-01,临床检验科医师,BELONGS_TO
2-05-01-25,2-05-01,职业病科医师,BELONGS_TO
2-05-02,2-05,中医医师,BELONGS_TO
2-05-02-01,2-05-02,中医内科医师,BELONGS_TO
2-05-02-02,2-05-02,中医外科医师,BELONGS_TO
2-05-02-03,2-05-02,中医妇科医师,BELONGS_TO
2-05-02-04,2-05-02,中医儿科医师,BELONGS_TO
2-05-02-05,2-05-02,中医眼科医师,BELONGS_TO
2-05-02-06,2-05-02,中医皮肤科医师,BELONGS_TO
2-05-02-07,2-05-02,中医骨伤科医师,BELONGS_TO
2-05-02-08,2-05-02,中医肛肠科医师,BELONGS_TO
2-05-02-09,2-05-02,中医耳鼻咽喉科医师,BELONGS_TO
2-05-02-10,2-05-02,针灸医师,BELONGS_TO
2-05-02-11,2-05-02,中医推拿医师,BELONGS_TO
2-05-02-12,2-05-02,中医营养医师,BELONGS_TO
2-05-02-13,2-05-02,中医整脊科医师,BELONGS_TO
2-05-02-14,2-05-02,中医康复医师,BELONGS_TO
2-05-02-15,2-05-02,中医全科医师,BELONGS_TO
2-05-02-16,2-05-02,中医亚健康医师,BELONGS_TO
2-05-03,2-05,中西医结合医师,BELONGS_TO
2-05-03-01,2-05-03,中西医结合内科医师,BELONGS_TO
2-05-03-02,2-05-03,中西医结合外科医师,BELONGS_TO
2-05-03-03,2-05-03,中西医结合妇科医师,BELONGS_TO
2-05-03-04,2-05-03,中西医结合儿科医师,BELONGS_TO
2-05-03-05,2-05-03,中西医结合骨伤科医师,BELONGS_TO
2-05-03-06,2-05-03,中西医结合肛肠科医师,BELONGS_TO
2-05-03-07,2-05-03,中西医结合皮肤与性病科医师,BELONGS_TO
2-05-04,2-05,民族医医师,BELONGS_TO
2-05-04-00,2-05-04,民族医医师,BELONGS_TO
2-05-05,2-05,公共卫生与健康医师,BELONGS_TO
2-05-05-01,2-05-05,疾病控制医师,BELONGS_TO
2-05-05-02,2-05-05,健康教育医师,BELONGS_TO
2-05-05-03,2-05-05,公共卫生医师,BELONGS_TO
2-05-06,2-05,药学技术人员,BELONGS_TO
2-05-06-01,2-05-06,药师,BELONGS_TO
2-05-06-02,2-05-06,中药师,BELONGS_TO
2-05-06-03,2-05-06,民族药师,BELONGS_TO
2-05-07,2-05,医疗卫生技术人员,BELONGS_TO
2-05-07-01,2-05-07,影像技师,BELONGS_TO
2-05-07-02,2-05-07,口腔修复技师,BELONGS_TO
2-05-07-03,2-05-07,病理技师,BELONGS_TO
2-05-07-04,2-05-07,临床检验技师,BELONGS_TO
2-05-07-05,2-05-07,公卫检验技师,BELONGS_TO
2-05-07-06,2-05-07,卫生工程技师,BELONGS_TO
2-05-07-07,2-05-07,输血技师,BELONGS_TO
2-05-07-08,2-05-07,临床营养技师,BELONGS_TO
2-05-07-09,2-05-07,消毒技师,BELONGS_TO
2-05-07-10,2-05-07,肿瘤放射治疗技师,BELONGS_TO
2-05-07-11,2-05-07,心电学技师,BELONGS_TO
2-05-07-12,2-05-07,神经电生理脑电图技师,BELONGS_TO
2-05-07-13,2-05-07,康复技师,BELONGS_TO
2-05-07-14,2-05-07,心理治疗技师,BELONGS_TO
2-05-07-15,2-05-07,病案信息技师,BELONGS_TO
2-05-07-16,2-05-07,中医技师,BELONGS_TO
2-05-07-17,2-05-07,口腔卫生技师,BELONGS_TO
2-05-08,2-05,护理人员,BELONGS_TO
2-05-08-01,2-05-08,内科护士,BELONGS_TO
2-05-08-02,2-05-08,儿科护士,BELONGS_TO
2-05-08-03,2-05-08,急诊护士,BELONGS_TO
2-05-08-04,2-05-08,外科护士,BELONGS_TO
2-05-08-05,2-05-08,社区护士,BELONGS_TO
2-05-08-06,2-05-08,助产士,BELONGS_TO
2-05-08-07,2-05-08,口腔科护士,BELONGS_TO
2-05-08-08,2-05-08,妇产科护士,BELONGS_TO
2-05-08-09,2-05-08,中医护士,BELONGS_TO
2-05-09,2-05,乡村医生,BELONGS_TO
2-05-09-00,2-05-09,乡村医生,BELONGS_TO
2-05-10,2-05,盲人医疗按摩人员,BELONGS_TO
2-05-10-00,2-05-10,盲人医疗按摩人员,BELONGS_TO
2-05-99,2-05,其他卫生专业技术人员,BELONGS_TO
2-06-01,2-06,经济专业人员,BELONGS_TO
2-06-01-01,2-06-01,经济规划专业人员,BELONGS_TO
2-06-01-02,2-06-01,合作经济专业人员,BELONGS_TO
2-06-01-03,2-06-01,价格专业人员,BELONGS_TO
2-06-01-04,2-06-01,易货经济专业人员,BELONGS_TO
2-06-02,2-06,统计专业人员,BELONGS_TO
2-06-02-00,2-06-02,统计专业人员,BELONGS_TO
2-06-03,2-06,会计专业人员,BELONGS_TO
2-06-03-00,2-06-03,会计专业人员,BELONGS_TO
2-06-04,2-06,审计专业人员,BELONGS_TO
2-06-04-00,2-06-04,审计专业人员,BELONGS_TO
2-06-05,2-06,税务专业人员,BELONGS_TO
2-06-05-00,2-06-05,税务专业人员,BELONGS_TO
2-06-06,2-06,资产和资源评估专业人员,BELONGS_TO
2-06-06-01,2-06-06,资产评估专业人员,BELONGS_TO
2-06-06-02,2-06-06,房地产估价专业人员,BELONGS_TO
2-06-06-03,2-06-06,森林资源评估专业人员L,BELONGS_TO
2-06-06-04,2-06-06,矿业权评估专业人员,BELONGS_TO
2-06-06-05,2-06-06,海域海岛评估专业人员,BELONGS_TO
2-06-07,2-06,商务专业人员,BELONGS_TO
2-06-07-01,2-06-07,国际商务专业人员,BELONGS_TO
2-06-07-02,2-06-07,市场营销专业人员,BELONGS_TO
2-06-07-03,2-06-07,商务策划专业人员,BELONGS_TO
2-06-07-04,2-06-07,品牌专业人员,BELONGS_TO
2-06-07-05,2-06-07,会展策划专业人员,BELONGS_TO
2-06-07-06,2-06-07,房地产开发专业人员,BELONGS_TO
2-06-07-07,2-06-07,医药代表,BELONGS_TO
2-06-07-08,2-06-07,管理咨询专业人员,BELONGS_TO
2-06-07-09,2-06-07,拍卖师,BELONGS_TO
2-06-07-10,2-06-07,物业经营管理专业人员,BELONGS_TO
2-06-07-11,2-06-07,经纪与代理专业人员,BELONGS_TO
2-06-07-12,2-06-07,报关人员,BELONGS_TO
2-06-07-13,2-06-07,数字化管理师,BELONGS_TO
2-06-07-14,2-06-07,企业合规师,BELONGS_TO
2-06-07-15,2-06-07,招标采购专业人员,BELONGS_TO
2-06-07-16,2-06-07,技术经理人,BELONGS_TO
2-06-07-17,2-06-07,不动产确权登记专业人员,BELONGS_TO
2-06-08,2-06,人力资源专业人员,BELONGS_TO
2-06-08-01,2-06-08,人力资源管理专业人员,BELONGS_TO
2-06-08-02,2-06-08,人力资源服务专业人员,BELONGS_TO
2-06-08-03,2-06-08,职业信息分析专业人员,BELONGS_TO
2-06-08-04,2-06-08,职业技术实训指导专业人员,BELONGS_TO
2-06-09,2-06,银行专业人员,BELONGS_TO
2-06-09-01,2-06-09,银行国库业务专业人员,BELONGS_TO
2-06-09-02,2-06-09,银行金融市场业务专业人员,BELONGS_TO
2-06-09-03,2-06-09,银行清算专业人员,BELONGS_TO
2-06-09-04,2-06-09,信贷审核专业人员,BELONGS_TO
2-06-09-05,2-06-09,银行国际业务专业人员,BELONGS_TO
2-06-09-06,2-06-09,公司金融顾问,BELONGS_TO
2-06-10,2-06,保险专业人员,BELONGS_TO
2-06-10-01,2-06-10,精算专业人员,BELONGS_TO
2-06-10-02,2-06-10,保险核保专业人员,BELONGS_TO
2-06-10-03,2-06-10,保险理赔专业人员,BELONGS_TO
2-06-10-04,2-06-10,保险资金运用专业人员,BELONGS_TO
2-06-11,2-06,证券期货基金专业人员,BELONGS_TO
2-06-11-01,2-06-11,证券保荐承销专业人员,BELONGS_TO
2-06-11-02,2-06-11,证券交易专业人员,BELONGS_TO
2-06-11-03,2-06-11,证券投资专业人员,BELONGS_TO
2-06-11-04,2-06-11,金融产品销售专业人员,BELONGS_TO
2-06-11-05,2-06-11,黄金投资专业人员,BELONGS_TO
2-06-11-06,2-06-11,期货专业人员,BELONGS_TO
2-06-11-07,2-06-11,基金专业人员,BELONGS_TO
2-06-12,2-06,知识产权专业人员,BELONGS_TO
2-06-12-01,2-06-12,专利代理专业人员,BELONGS_TO
2-06-12-02,2-06-12,专利审查专业人员,BELONGS_TO
2-06-12-03,2-06-12,专利管理专业人员,BELONGS_TO
2-06-12-04,2-06-12,知识产权信息分析专业人员,BELONGS_TO
2-06-12-05,2-06-12,版权专业人员,BELONGS_TO
2-06-12-06,2-06-12,商标代理专业人员,BELONGS_TO
2-06-12-07,2-06-12,商标审查审理专业人员,BELONGS_TO
2-06-12-08,2-06-12,商标管理专业人员,BELONGS_TO
2-06-12-09,2-06-12,版权运营专业人员,BELONGS_TO
2-06-13,2-06,社会保险专业人员,BELONGS_TO
2-06-13-00,2-06-13,医保经办专业人员,BELONGS_TO
2-06-14,2-06,金融科技专业人员,BELONGS_TO
2-06-14-00,2-06-14,金融科技师S,BELONGS_TO
2-06-99,2-06,其他经济和金融专业人员,BELONGS_TO
2-07-01,2-07,监察人员,BELONGS_TO
2-07-01-00,2-07-01,监察人员,BELONGS_TO
2-07-02,2-07,法官,BELONGS_TO
2-07-02-00,2-07-02,法官,BELONGS_TO
2-07-03,2-07,检察官,BELONGS_TO
2-07-03-00,2-07-03,检察官,BELONGS_TO
2-07-04,2-07,律师,BELONGS_TO
2-07-04-00,2-07-04,律师,BELONGS_TO
2-07-05,2-07,公证员,BELONGS_TO
2-07-05-00,2-07-05,公证员,BELONGS_TO
2-07-06,2-07,司法鉴定人员,BELONGS_TO
2-07-06-01,2-07-06,法医,BELONGS_TO
2-07-06-02,2-07-06,物证鉴定人员,BELONGS_TO
2-07-07,2-07,审判辅助人员,BELONGS_TO
2-07-07-00,2-07-07,审判辅助人员,BELONGS_TO
2-07-08,2-07,检察辅助人员,BELONGS_TO
2-07-08-00,2-07-08,检察辅助人员,BELONGS_TO
2-07-09,2-07,法律顾问,BELONGS_TO
2-07-09-00,2-07-09,法律顾问,BELONGS_TO
2-07-10,2-07,宗教教职人员,BELONGS_TO
2-07-10-00,2-07-10,宗教教职人员,BELONGS_TO
2-07-11,2-07,社会工作专业人员,BELONGS_TO
2-07-11-01,2-07-11,社会工作者,BELONGS_TO
2-07-11-02,2-07-11,社会组织专业人员,BELONGS_TO
2-07-11-03,2-07-11,心理咨询师,BELONGS_TO
2-07-11-04,2-07-11,养老服务师,BELONGS_TO
2-07-99,2-07,其他监察、法律、社会和宗教专业人员,BELONGS_TO
2-08-01,2-08,高等学校教师,BELONGS_TO
2-08-01-01,2-08-01,普通高等学校教师,BELONGS_TO
2-08-01-02,2-08-01,高等职业学校教师,BELONGS_TO
2-08-02,2-08,中小学教师,BELONGS_TO
2-08-02-01,2-08-02,高级中学教师,BELONGS_TO
2-08-02-02,2-08-02,中等职业学校教师,BELONGS_TO
2-08-02-03,2-08-02,初级中学教师,BELONGS_TO
2-08-02-04,2-08-02,小学教师,BELONGS_TO
2-08-03,2-08,幼儿园教师,BELONGS_TO
2-08-03-00,2-08-03,幼儿园教师,BELONGS_TO
2-08-04,2-08,特殊教育教师,BELONGS_TO
2-08-04-00,2-08-04,特殊教育教师,BELONGS_TO
2-08-99,2-08,其他教学人员,BELONGS_TO
2-09-01,2-09,文艺创作与编导人员,BELONGS_TO
2-09-01-01,2-09-01,文学作家 ,BELONGS_TO
2-09-01-02,2-09-01,曲艺作家,BELONGS_TO
2-09-01-03,2-09-01,剧作家,BELONGS_TO
2-09-01-04,2-09-01,作曲家,BELONGS_TO
2-09-01-05,2-09-01,词作家,BELONGS_TO
2-09-01-06,2-09-01,导演,BELONGS_TO
2-09-01-07,2-09-01,舞蹈编导,BELONGS_TO
2-09-01-08,2-09-01,舞美设计,BELONGS_TO
2-09-02,2-09,音乐指挥与演员,BELONGS_TO
2-09-02-01,2-09-02,音乐指挥,BELONGS_TO
2-09-02-02,2-09-02,电影电视演员,BELONGS_TO
2-09-02-03,2-09-02,戏剧戏曲演员,BELONGS_TO
2-09-02-04,2-09-02,舞蹈演员,BELONGS_TO
2-09-02-05,2-09-02,曲艺演员,BELONGS_TO
2-09-02-06,2-09-02,杂技魔术演员,BELONGS_TO
2-09-02-07,2-09-02,歌唱演员,BELONGS_TO
2-09-02-08,2-09-02,皮影戏木偶戏演员,BELONGS_TO
2-09-02-09,2-09-02,民族乐器演奏员,BELONGS_TO
2-09-02-10,2-09-02,外国乐器演奏员,BELONGS_TO
2-09-03,2-09,电影电视制作专业人员,BELONGS_TO
2-09-03-01,2-09-03,电影电视制片人,BELONGS_TO
2-09-03-02,2-09-03,电影电视场记,BELONGS_TO
2-09-03-03,2-09-03,电影电视摄影师,BELONGS_TO
2-09-03-04,2-09-03,电影电视片发行人,BELONGS_TO
2-09-03-05,2-09-03,电视导播,BELONGS_TO
2-09-03-06,2-09-03,剪辑师,BELONGS_TO
2-09-04,2-09,舞台专业人员,BELONGS_TO
2-09-04-01,2-09-04,灯光师,BELONGS_TO
2-09-04-02,2-09-04,音像师,BELONGS_TO
2-09-04-03,2-09-04,美工师,BELONGS_TO
2-09-04-04,2-09-04,化妆师,BELONGS_TO
2-09-04-05,2-09-04,装置师,BELONGS_TO
2-09-04-06,2-09-04,服装道具师,BELONGS_TO
2-09-04-07,2-09-04,演出监督,BELONGS_TO
2-09-04-08,2-09-04,演出制作人,BELONGS_TO
2-09-05,2-09,美术专业人员,BELONGS_TO
2-09-05-01,2-09-05,画家,BELONGS_TO
2-09-05-02,2-09-05,篆刻家,BELONGS_TO
2-09-05-03,2-09-05,雕塑家,BELONGS_TO
2-09-05-04,2-09-05,书法家,BELONGS_TO
2-09-05-05,2-09-05,摄影家,BELONGS_TO
2-09-06,2-09,工艺美术与创意设计专业人员,BELONGS_TO
2-09-06-01,2-09-06,视觉传达设计人员,BELONGS_TO
2-09-06-02,2-09-06,服装设计人员,BELONGS_TO
2-09-06-03,2-09-06,动画设计人员,BELONGS_TO
2-09-06-04,2-09-06,环境设计人员,BELONGS_TO
2-09-06-05,2-09-06,染织艺术设计人员,BELONGS_TO
2-09-06-06,2-09-06,工艺美术专业人员,BELONGS_TO
2-09-06-07,2-09-06,数字媒体艺术专业人员S,BELONGS_TO
2-09-06-08,2-09-06,公共艺术专业人员,BELONGS_TO
2-09-06-09,2-09-06,陈列展览设计人员,BELONGS_TO
2-09-07,2-09,体育专业人员,BELONGS_TO
2-09-07-01,2-09-07,教练员,BELONGS_TO
2-09-07-02,2-09-07,裁判员,BELONGS_TO
2-09-07-03,2-09-07,运动员,BELONGS_TO
2-09-07-04,2-09-07,运动防护师,BELONGS_TO
2-09-07-05,2-09-07,体育经理人,BELONGS_TO
2-09-99,2-09,其他文学艺术、体育专业人员,BELONGS_TO
2-10-01,2-10,记者,BELONGS_TO
2-10-01-01,2-10-01,文字记者,BELONGS_TO
2-10-01-02,2-10-01,摄影记者,BELONGS_TO
2-10-02,2-10,编辑,BELONGS_TO
2-10-02-01,2-10-02,文字编辑,BELONGS_TO
2-10-02-02,2-10-02,美术编辑,BELONGS_TO
2-10-02-03,2-10-02,技术编辑,BELONGS_TO
2-10-02-04,2-10-02,数字出版编辑S,BELONGS_TO
2-10-02-05,2-10-02,网络编辑S,BELONGS_TO
2-10-02-06,2-10-02,电子音乐编辑,BELONGS_TO
2-10-03,2-10,校对员,BELONGS_TO
2-10-03-00,2-10-03,校对员,BELONGS_TO
2-10-04,2-10,播音员及节目主持人,BELONGS_TO
2-10-04-01,2-10-04,播音员,BELONGS_TO
2-10-04-02,2-10-04,节目主持人,BELONGS_TO
2-10-05,2-10,翻译人员,BELONGS_TO
2-10-05-00,2-10-05,翻译,BELONGS_TO
2-10-06,2-10,图书资料与微缩摄影专业人员,BELONGS_TO
2-10-06-01,2-10-06,文献信息专业人员,BELONGS_TO
2-10-06-02,2-10-06,微缩摄影专业人员,BELONGS_TO
2-10-07,2-10,档案专业人员,BELONGS_TO
2-10-07-00,2-10-07,档案专业人员,BELONGS_TO
2-10-08,2-10,考古及文物保护专业人员,BELONGS_TO
2-10-08-01,2-10-08,考古专业人员,BELONGS_TO
2-10-08-02,2-10-08,文物藏品专业人员,BELONGS_TO
2-10-08-03,2-10-08,可移动文物保护专业人员,BELONGS_TO
2-10-08-04,2-10-08,不可移动文物保护专业人员,BELONGS_TO
2-10-08-05,2-10-08,文物展陈专业人员,BELONGS_TO
2-10-99,2-10,其他新闻出版、文化专业人员,BELONGS_TO
2-99-00,2-99,其他专业技术人员,BELONGS_TO
3-01-01,3-01,行政业务办理人员,BELONGS_TO
3-01-01-01,3-01-01,行政办事员,BELONGS_TO
3-01-01-02,3-01-01,政务服务办事员,BELONGS_TO
3-01-01-03,3-01-01,统计调查员,BELONGS_TO
3-01-01-04,3-01-01,社团会员管理员,BELONGS_TO
3-01-01-05,3-01-01,劝募师,BELONGS_TO
3-01-02,3-01,行政事务处理人员,BELONGS_TO
3-01-02-01,3-01-02,机要员,BELONGS_TO
3-01-02-02,3-01-02,秘书,BELONGS_TO
3-01-02-03,3-01-02,公关员,BELONGS_TO
3-01-02-04,3-01-02,收发员,BELONGS_TO
3-01-02-05,3-01-02,打字员,BELONGS_TO
3-01-02-06,3-01-02,速录师,BELONGS_TO
3-01-02-07,3-01-02,制图员,BELONGS_TO
3-01-02-08,3-01-02,后勤管理员,BELONGS_TO
3-01-03,3-01,行政执法人员,BELONGS_TO
3-01-03-01,3-01-03,行政执法员,BELONGS_TO
3-01-03-02,3-01-03,劳动人事争议仲裁员,BELONGS_TO
3-01-03-03,3-01-03,农村土地承包仲裁员,BELONGS_TO
3-01-04,3-01,社区和村镇工作人员,BELONGS_TO
3-01-04-01,3-01-04,村和社区工作者,BELONGS_TO
3-01-04-02,3-01-04,城市管理网格员,BELONGS_TO
3-01-04-03,3-01-04,劳动保障协理员,BELONGS_TO
3-01-04-04,3-01-04,退役军人事务员,BELONGS_TO
3-01-04-05,3-01-04,基层法律服务工作者,BELONGS_TO
3-01-04-06,3-01-04,医疗保障专理员,BELONGS_TO
3-01-99,3-01,其他行政办事及辅助人员,BELONGS_TO
3-02-01,3-02,人民警察,BELONGS_TO
3-02-01-00,3-02-01,人民警察,BELONGS_TO
3-02-02,3-02,保卫和警务辅助人员,BELONGS_TO
3-02-02-01,3-02-02,保卫管理员,BELONGS_TO
3-02-02-02,3-02-02,辅警,BELONGS_TO
3-02-03,3-02,消防和应急救援人员,BELONGS_TO
3-02-99,3-02,其他安全和消防及辅助人员,BELONGS_TO
3-02-03-01,3-02-03,消防员,BELONGS_TO
3-02-03-02,3-02-03,消防指挥员,BELONGS_TO
3-02-03-03,3-02-03,消防装备管理员,BELONGS_TO
3-02-03-04,3-02-03,消防安全管理员,BELONGS_TO
3-02-03-05,3-02-03,消防监督检查员,BELONGS_TO
3-02-03-06,3-02-03,森林消防员L,BELONGS_TO
3-02-03-07,3-02-03,森林火情瞭望观察员L,BELONGS_TO
3-02-03-08,3-02-03,应急救援员,BELONGS_TO
3-03-01,3-03,仲裁、调解及辅助人员,BELONGS_TO
3-03-01-01,3-03-01,仲裁员,BELONGS_TO
3-03-01-02,3-03-01,仲裁秘书,BELONGS_TO
3-03-01-03,3-03-01,调解员,BELONGS_TO
3-03-99,3-03,其他法律事务及辅助人员,BELONGS_TO
3-99-00,3-99,其他办事人员和有关人员,BELONGS_TO
4-01-01,4-01,购销服务人员,BELONGS_TO
4-01-01-00,4-01-01,采购员,BELONGS_TO
4-01-02,4-01,销售人员,BELONGS_TO
4-01-02-01,4-01-02,营销员,BELONGS_TO
4-01-02-03,4-01-02,商品营业员,BELONGS_TO
4-01-02-04,4-01-02,收银员,BELONGS_TO
4-01-02-05,4-01-02,摊商,BELONGS_TO
4-01-02-06,4-01-02,连锁经营管理师,BELONGS_TO
4-01-03,4-01,贸易经纪代理人员,BELONGS_TO
4-01-03-01,4-01-03,农产品经纪人,BELONGS_TO
4-01-03-02,4-01-03,粮油竞价交易员,BELONGS_TO
4-01-03-03,4-01-03,易货师,BELONGS_TO
4-01-03-04,4-01-03,二手车经纪人,BELONGS_TO
4-01-04,4-01,再生物资回收人员,BELONGS_TO
4-01-04-00,4-01-04,再生物资回收挑选工L,BELONGS_TO
4-01-05,4-01,特殊商品购销人员,BELONGS_TO
4-01-05-01,4-01-05,农产品购销员,BELONGS_TO
4-01-05-02,4-01-05,医药商品购销员,BELONGS_TO
4-01-05-03,4-01-05,出版物发行员,BELONGS_TO
4-01-05-04,4-01-05,烟草制品购销员,BELONGS_TO
4-01-06,4-01,电子商务服务人员,BELONGS_TO
4-01-06-01,4-01-06,电子商务师S,BELONGS_TO
4-01-06-02,4-01-06,互联网营销师 S,BELONGS_TO
4-01-06-03,4-01-06,跨境电商运营管理师S,BELONGS_TO
4-01-99,4-01,其他批发与零售服务人员,BELONGS_TO
4-02-01,4-02,轨道交通运输服务人员,BELONGS_TO
4-02-01-01,4-02-01,轨道交通列车司机 L,BELONGS_TO
4-02-01-02,4-02-01,铁路列车乘务员,BELONGS_TO
4-02-01-03,4-02-01,铁路车站客运服务员,BELONGS_TO
4-02-01-04,4-02-01,铁路行包运输服务员,BELONGS_TO
4-02-01-05,4-02-01,铁路车站货运服务员,BELONGS_TO
4-02-01-06,4-02-01,轨道交通调度员,BELONGS_TO
4-02-01-07,4-02-01,城市轨道交通服务员,BELONGS_TO
4-02-02,4-02,道路运输服务人员,BELONGS_TO
4-02-02-01,4-02-02,客运车辆驾驶员L,BELONGS_TO
4-02-02-02,4-02-02,道路货运汽车驾驶员L,BELONGS_TO
4-02-02-03,4-02-02,道路客运服务员,BELONGS_TO
4-02-02-04,4-02-02,道路货运业务员,BELONGS_TO
4-02-02-05,4-02-02,道路运输调度员,BELONGS_TO
4-02-02-06,4-02-02,路况信息监控员,BELONGS_TO
4-02-02-07,4-02-02,机动车驾驶教练员,BELONGS_TO
4-02-02-08,4-02-02,油气电站操作员,BELONGS_TO
4-02-02-09,4-02-02,汽车救援员,BELONGS_TO
4-02-03,4-02,水上运输服务人员,BELONGS_TO
4-02-03-01,4-02-03,客运船舶驾驶员,BELONGS_TO
4-02-03-02,4-02-03,船舶业务员,BELONGS_TO
4-02-03-03,4-02-03,港口客运员,BELONGS_TO
4-02-03-04,4-02-03,水上救生员,BELONGS_TO
4-02-03-05,4-02-03,航标工,BELONGS_TO
4-02-04,4-02,航空运输服务人员,BELONGS_TO
4-02-04-01,4-02-04,民航乘务员,BELONGS_TO
4-02-04-02,4-02-04,航空运输地面服务员,BELONGS_TO
4-02-04-03,4-02-04,机场运行指挥员,BELONGS_TO
4-02-04-04,4-02-04,航空安全员,BELONGS_TO
4-02-04-05,4-02-04,机场场务员,BELONGS_TO
4-02-04-06,4-02-04,无人机驾驶员,BELONGS_TO
4-02-04-07,4-02-04,无人机群飞行规划员,BELONGS_TO
4-02-05,4-02,装卸搬运和运输代理服务人员,BELONGS_TO
4-02-05-01,4-02-05,装卸搬运工,BELONGS_TO
4-02-05-02,4-02-05,客运售票员,BELONGS_TO
4-02-05-03,4-02-05,货运代理服务员,BELONGS_TO
4-02-05-04,4-02-05,危险货物运输作业员,BELONGS_TO
4-02-06,4-02,仓储物流服务人员,BELONGS_TO
4-02-06-01,4-02-06,仓储管理员,BELONGS_TO
4-02-06-02,4-02-06,理货员,BELONGS_TO
4-02-06-03,4-02-06,物流服务师L,BELONGS_TO
4-02-06-04,4-02-06,冷藏工,BELONGS_TO
4-02-06-05,4-02-06,供应链管理师S,BELONGS_TO
4-02-07,4-02,邮政和快递服务人员,BELONGS_TO
4-02-07-01,4-02-07,邮政营业员,BELONGS_TO
4-02-07-02,4-02-07,邮件分拣员,BELONGS_TO
4-02-07-03,4-02-07,邮件转运员,BELONGS_TO
4-02-07-04,4-02-07,邮政投递员,BELONGS_TO
4-02-07-05,4-02-07,报刊业务员,BELONGS_TO
4-02-07-06,4-02-07,集邮业务员,BELONGS_TO
4-02-07-07,4-02-07,邮政市场业务员,BELONGS_TO
4-02-07-08,4-02-07,快递员,BELONGS_TO
4-02-07-09,4-02-07,快件处理员,BELONGS_TO
4-02-07-10,4-02-07,国际快递业务师,BELONGS_TO
4-02-07-11,4-02-07,快递站点管理师,BELONGS_TO
4-02-99,4-02,其他交通运输、仓储物流和邮政业服务人员,BELONGS_TO
4-03-01,4-03,住宿服务人员,BELONGS_TO
4-03-01-01,4-03-01,前厅服务员,BELONGS_TO
4-03-01-02,4-03-01,客房服务员,BELONGS_TO
4-03-01-03,4-03-01,旅店服务员,BELONGS_TO
4-03-02,4-03,餐饮服务人员,BELONGS_TO
4-03-02-01,4-03-02,中式烹调师,BELONGS_TO
4-03-02-02,4-03-02,中式面点师,BELONGS_TO
4-03-02-03,4-03-02,西式烹调师,BELONGS_TO
4-03-02-04,4-03-02,西式面点师,BELONGS_TO
4-03-02-05,4-03-02,餐厅服务员,BELONGS_TO
4-03-02-06,4-03-02,营养配餐员,BELONGS_TO
4-03-02-07,4-03-02,茶艺师,BELONGS_TO
4-03-02-08,4-03-02,咖啡师,BELONGS_TO
4-03-02-09,4-03-02,调酒师,BELONGS_TO
4-03-02-10,4-03-02,调饮师,BELONGS_TO
4-03-02-11,4-03-02,食品安全管理师,BELONGS_TO
4-03-02-12,4-03-02,侍酒师,BELONGS_TO
4-03-02-13,4-03-02,宴会定制服务师,BELONGS_TO
4-03-99,4-03,其他住宿和餐饮服务人员,BELONGS_TO
4-04-01,4-04,信息通信业务人员,BELONGS_TO
4-04-01-01,4-04-01,信息通信营业员,BELONGS_TO
4-04-01-02,4-04-01,信息通信业务员,BELONGS_TO
4-04-02,4-04,信息通信网络维护人员,BELONGS_TO
4-04-02-01,4-04-02,信息通信网络机务员S,BELONGS_TO
4-04-02-02,4-04-02,信息通信网络线务员,BELONGS_TO
4-04-02-03,4-04-02,信息通信网络动力机务员S,BELONGS_TO
4-04-02-04,4-04-02,信息通信网络测量员,BELONGS_TO
4-04-02-05,4-04-02,无线电监测与设备运维员S,BELONGS_TO
4-04-03,4-04,广播电视传输服务人员,BELONGS_TO
4-04-03-01,4-04-03,广播电视天线工,BELONGS_TO
4-04-03-02,4-04-03,广播电视机线员,BELONGS_TO
4-04-04,4-04,信息通信网络运行管理人员,BELONGS_TO
4-04-04-01,4-04-04,信息通信网络运行管理员S,BELONGS_TO
4-04-04-02,4-04-04,网络与信息安全管理员S,BELONGS_TO
4-04-04-03,4-04-04,信息通信信息化系统管理员S,BELONGS_TO
4-04-04-04,4-04-04,信息安全测试员S,BELONGS_TO
4-04-04-05,4-04-04,数字化解决方案设计师S,BELONGS_TO
4-04-04-06,4-04-04,密码技术应用员S,BELONGS_TO
4-04-04-07,4-04-04,网络安全等级保护测评师 S,BELONGS_TO
4-04-05,4-04,软件和信息技术服务人员,BELONGS_TO
4-04-05-01,4-04-05,计算机程序设计员S,BELONGS_TO
4-04-05-02,4-04-05,计算机软件测试员S,BELONGS_TO
4-04-05-03,4-04-05,呼叫中心服务员,BELONGS_TO
4-04-05-04,4-04-05,数据库运行管理员S,BELONGS_TO
4-04-05-05,4-04-05,人工智能训练师S,BELONGS_TO
4-04-05-06,4-04-05,区块链应用操作员S,BELONGS_TO
4-04-05-07,4-04-05,服务机器人应用技术员S,BELONGS_TO
4-04-05-08,4-04-05,电子数据取证分析师S,BELONGS_TO
4-04-05-09,4-04-05,信息系统适配验证师S,BELONGS_TO
4-04-05-10,4-04-05,数字孪生应用技术员S,BELONGS_TO
4-04-05-11,4-04-05,虚拟现实产品设计师 S,BELONGS_TO
4-04-05-12,4-04-05,云网智能运维员 S,BELONGS_TO
4-04-05-13,4-04-05,生成式人工智能系统应用员 S,BELONGS_TO
4-04-05-14,4-04-05,工业互联网运维员 S,BELONGS_TO
4-04-05-15,4-04-05,智能网联汽车测试员 S,BELONGS_TO
4-04-99,4-04,其他信息传输、软件和信息技术服务人员,BELONGS_TO
4-05-01,4-05,银行服务人员,BELONGS_TO
4-05-01-01,4-05-01,银行综合柜员,BELONGS_TO
4-05-01-02,4-05-01,银行信贷员,BELONGS_TO
4-05-01-03,4-05-01,银行客户业务员,BELONGS_TO
4-05-01-04,4-05-01,银行信用卡业务员,BELONGS_TO
4-05-02,4-05,证券期货服务人员,BELONGS_TO
4-05-02-01,4-05-02,证券期货服务师,BELONGS_TO
4-05-02-02,4-05-02,有色金属现货交易员,BELONGS_TO
4-05-03,4-05,保险服务人员,BELONGS_TO
4-05-03-01,4-05-03,保险代理人,BELONGS_TO
4-05-03-02,4-05-03,保险保全员,BELONGS_TO
4-05-03-03,4-05-03,保险公估人,BELONGS_TO
4-05-03-04,4-05-03,保险经纪人,BELONGS_TO
4-05-04,4-05,典当服务人员,BELONGS_TO
4-05-04-01,4-05-04,典当业务员,BELONGS_TO
4-05-04-02,4-05-04,鉴定估价师,BELONGS_TO
4-05-05,4-05,信托和资产管理服务人员,BELONGS_TO
4-05-05-01,4-05-05,信托业务员,BELONGS_TO
4-05-05-02,4-05-05,资产管理师,BELONGS_TO
4-05-99,4-05,其他金融服务人员,BELONGS_TO
4-06-01,4-06,物业管理服务人员,BELONGS_TO
4-06-01-01,4-06-01,物业管理师,BELONGS_TO
4-06-01-02,4-06-01,中央空调系统运行操作员,BELONGS_TO
4-06-01-03,4-06-01,停车管理员,BELONGS_TO
4-06-01-04,4-06-01,智能楼宇管理员S,BELONGS_TO
4-06-02,4-06,房地产中介服务人员,BELONGS_TO
4-06-02-01,4-06-02,房地产经纪人,BELONGS_TO
4-06-02-02,4-06-02,房地产策划师,BELONGS_TO
4-06-02-03,4-06-02,验房师,BELONGS_TO
4-06-02-04,4-06-02,装修管家,BELONGS_TO
4-06-99,4-06,其他房地产服务人员,BELONGS_TO
4-07-01,4-07,租赁和拍卖业务人员,BELONGS_TO
4-07-01-01,4-07-01,租赁业务员,BELONGS_TO
4-07-01-02,4-07-01,拍卖服务师,BELONGS_TO
4-07-02,4-07,商务咨询服务人员,BELONGS_TO
4-07-02-01,4-07-02,风险管理师,BELONGS_TO
4-07-02-02,4-07-02,科技咨询师,BELONGS_TO
4-07-02-03,4-07-02,客户服务管理员,BELONGS_TO
4-07-02-04,4-07-02,信用管理师,BELONGS_TO
4-07-02-05,4-07-02,商务数据分析师S,BELONGS_TO
4-07-02-06,4-07-02,用户增长运营师 S,BELONGS_TO
4-07-03,4-07,人力资源服务人员,BELONGS_TO
4-07-03-01,4-07-03,职业指导师,BELONGS_TO
4-07-03-02,4-07-03,劳动关系协调师,BELONGS_TO
4-07-03-03,4-07-03,创业指导师,BELONGS_TO
4-07-03-04,4-07-03,企业人力资源管理师,BELONGS_TO
4-07-03-05,4-07-03,职业培训师,BELONGS_TO
4-07-03-06,4-07-03,劳务派遣管理员,BELONGS_TO
4-07-03-07,4-07-03,劳务经纪人,BELONGS_TO
4-07-03-08,4-07-03,招聘师,BELONGS_TO
4-07-03-09,4-07-03,工伤预防咨询师,BELONGS_TO
4-07-04,4-07,旅游及公共游览场所服务人员,BELONGS_TO
4-07-04-01,4-07-04,导游,BELONGS_TO
4-07-04-02,4-07-04,旅游团队领队,BELONGS_TO
4-07-04-03,4-07-04,旅行社计调,BELONGS_TO
4-07-04-04,4-07-04,旅游咨询员,BELONGS_TO
4-07-04-05,4-07-04,公共游览场所服务员,BELONGS_TO
4-07-04-06,4-07-04,休闲农业服务员,BELONGS_TO
4-07-04-07,4-07-04,景区运营管理师,BELONGS_TO
4-07-05,4-07,安全保护服务人员,BELONGS_TO
4-07-05-01,4-07-05,保安员,BELONGS_TO
4-07-05-02,4-07-05,安检员,BELONGS_TO
4-07-05-03,4-07-05,消防设施操作员,BELONGS_TO
4-07-05-04,4-07-05,安全防范系统安装维护员,BELONGS_TO
4-07-06,4-07,市场管理服务人员,BELONGS_TO
4-07-06-01,4-07-06,商品监督员,BELONGS_TO
4-07-06-02,4-07-06,商品防损员,BELONGS_TO
4-07-06-03,4-07-06,市场管理员,BELONGS_TO
4-07-07,4-07,会议及展览服务人员,BELONGS_TO
4-07-07-01,4-07-07,会展服务师,BELONGS_TO
4-07-07-02,4-07-07,装饰美工,BELONGS_TO
4-07-07-03,4-07-07,模特,BELONGS_TO
4-07-07-04,4-07-07,布展搭建师,BELONGS_TO
4-07-99,4-07,其他租赁和商务服务人员,BELONGS_TO
4-08-01,4-08,气象服务人员,BELONGS_TO
4-08-01-01,4-08-01,航空气象员S,BELONGS_TO
4-08-01-02,4-08-01,人工影响天气特种作业操作员,BELONGS_TO
4-08-02,4-08,海洋服务人员,BELONGS_TO
4-08-02-01,4-08-02,海洋水文气象观测员L,BELONGS_TO
4-08-02-02,4-08-02,海洋浮标工,BELONGS_TO
4-08-02-03,4-08-02,海洋水文调查员L,BELONGS_TO
4-08-02-04,4-08-02,海洋生物调查员L,BELONGS_TO
4-08-03,4-08,测绘服务人员,BELONGS_TO
4-08-03-01,4-08-03,大地测量员L/S,BELONGS_TO
4-08-03-02,4-08-03,摄影测量员L/S,BELONGS_TO
4-08-03-03,4-08-03,地图绘制员,BELONGS_TO
4-08-03-04,4-08-03,工程测量员 S,BELONGS_TO
4-08-03-05,4-08-03,不动产测绘员,BELONGS_TO
4-08-03-06,4-08-03,海洋测绘员L/S,BELONGS_TO
4-08-03-07,4-08-03,无人机测绘操控员L,BELONGS_TO
4-08-04,4-08,地理信息服务人员,BELONGS_TO
4-08-04-01,4-08-04,地理信息采集员L,BELONGS_TO
4-08-04-02,4-08-04,地理信息处理员L,BELONGS_TO
4-08-04-03,4-08-04,地理信息应用作业员L,BELONGS_TO
4-08-05,4-08,检验、检测和计量服务人员,BELONGS_TO
4-08-05-01,4-08-05,农产品食品检验员 L,BELONGS_TO
4-08-05-02,4-08-05,纤维检验员,BELONGS_TO
4-08-05-03,4-08-05,贵金属首饰与宝玉石检测员,BELONGS_TO
4-08-05-04,4-08-05,药物检验员,BELONGS_TO
4-08-05-05,4-08-05,机动车检测工,BELONGS_TO
4-08-05-06,4-08-05,计量员,BELONGS_TO
4-08-05-07,4-08-05,电子电气产品检验员L,BELONGS_TO
4-08-05-08,4-08-05,公路水运工程试验检测员,BELONGS_TO
4-08-05-09,4-08-05,建设工程质量检测员,BELONGS_TO
4-08-06,4-08,环境监测服务人员,BELONGS_TO
4-08-06-00,4-08-06,环境监测员 L,BELONGS_TO
4-08-07,4-08,地质勘查人员,BELONGS_TO
4-08-07-01,4-08-07,地勘钻探工,BELONGS_TO
4-08-07-02,4-08-07,地勘掘进工,BELONGS_TO
4-08-07-03,4-08-07,物探工,BELONGS_TO
4-08-07-04,4-08-07,地质调查员L,BELONGS_TO
4-08-07-05,4-08-07,地质实验员,BELONGS_TO
4-08-08,4-08,专业化设计服务人员,BELONGS_TO
4-08-08-01,4-08-08,花艺环境设计师,BELONGS_TO
4-08-08-02,4-08-08,纺织面料设计师,BELONGS_TO
4-08-08-03,4-08-08,家用纺织品设计师,BELONGS_TO
4-08-08-04,4-08-08,色彩搭配师,BELONGS_TO
4-08-08-05,4-08-08,工艺美术品设计师,BELONGS_TO
4-08-08-06,4-08-08,装潢美术设计师,BELONGS_TO
4-08-08-07,4-08-08,室内装饰设计师,BELONGS_TO
4-08-08-08,4-08-08,广告设计师,BELONGS_TO
4-08-08-09,4-08-08,包装设计师,BELONGS_TO
4-08-08-10,4-08-08,玩具设计师,BELONGS_TO
4-08-08-11,4-08-08,首饰设计师,BELONGS_TO
4-08-08-12,4-08-08,家具设计师,BELONGS_TO
4-08-08-13,4-08-08,陶瓷产品设计师,BELONGS_TO
4-08-08-14,4-08-08,彩灯艺术设计师,BELONGS_TO
4-08-08-15,4-08-08,地毯设计师,BELONGS_TO
4-08-08-16,4-08-08,皮具设计师,BELONGS_TO
4-08-08-17,4-08-08,鞋类设计师,BELONGS_TO
4-08-08-18,4-08-08,灯具设计师,BELONGS_TO
4-08-08-19,4-08-08,照明设计师,BELONGS_TO
4-08-08-20,4-08-08,形象设计师,BELONGS_TO
4-08-08-21,4-08-08,会展设计师,BELONGS_TO
4-08-08-22,4-08-08,建筑幕墙设计师,BELONGS_TO
4-08-08-23,4-08-08,建筑信息模型技术员L/S,BELONGS_TO
4-08-08-24,4-08-08,乐器设计师,BELONGS_TO
4-08-08-25,4-08-08,斫琴师,BELONGS_TO
4-08-08-26,4-08-08,工业设计工艺师S,BELONGS_TO
4-08-08-27,4-08-08,钟表设计师,BELONGS_TO
4-08-08-28,4-08-08,漆艺师,BELONGS_TO
4-08-08-29,4-08-08,桌面游戏设计师 S,BELONGS_TO
4-08-08-30,4-08-08,文创产品策划运营师,BELONGS_TO
4-08-08-31,4-08-08,电子电路设计师,BELONGS_TO
4-08-09,4-08,摄影扩印服务人员,BELONGS_TO
4-08-09-01,4-08-09,商业摄影师,BELONGS_TO
4-08-09-02,4-08-09,冲印师,BELONGS_TO
4-08-10,4-08,生产现场技术工艺人员,BELONGS_TO
4-08-10-01,4-08-10,陶瓷工艺师,BELONGS_TO
4-08-10-02,4-08-10,化工生产现场技术员,BELONGS_TO
4-08-99,4-08,其他技术辅助服务人员,BELONGS_TO
4-09-01,4-09,水利设施管理养护人员,BELONGS_TO
4-09-01-01,4-09-01,河道修防工,BELONGS_TO
4-09-01-02,4-09-01,水工混凝土维修工,BELONGS_TO
4-09-01-03,4-09-01,水工土石维修工,BELONGS_TO
4-09-01-04,4-09-01,水工监测工,BELONGS_TO
4-09-01-05,4-09-01,水工闸门运行工,BELONGS_TO
4-09-02,4-09,水文服务人员,BELONGS_TO
4-09-02-01,4-09-02,水文勘测工,BELONGS_TO
4-09-02-02,4-09-02,水文勘测船工,BELONGS_TO
4-09-03,4-09,水土保持人员,BELONGS_TO
4-09-03-00,4-09-03,水土保持员L,BELONGS_TO
4-09-04,4-09,农田灌排人员,BELONGS_TO
4-09-04-00,4-09-04,灌区管理工,BELONGS_TO
4-09-05,4-09,自然保护区和草地监护人员,BELONGS_TO
4-09-05-01,4-09-05,自然保护区巡护监测员L,BELONGS_TO
4-09-05-02,4-09-05,草地监护员L,BELONGS_TO
4-09-06,4-09,野生动植物保护人员,BELONGS_TO
4-09-06-01,4-09-06,野生动物保护员L,BELONGS_TO
4-09-06-02,4-09-06,野生植物保护员L,BELONGS_TO
4-09-06-03,4-09-06,标本员,BELONGS_TO
4-09-06-04,4-09-06,展出动物保育员,BELONGS_TO
4-09-07,4-09,环境治理服务人员,BELONGS_TO
4-09-07-01,4-09-07,污水处理工L,BELONGS_TO
4-09-07-02,4-09-07,工业固体废物处理处置工L,BELONGS_TO
4-09-07-03,4-09-07,危险废物处理工L,BELONGS_TO
4-09-07-04,4-09-07,碳排放管理员L,BELONGS_TO
4-09-07-05,4-09-07,碳汇计量评估师L/S,BELONGS_TO
4-09-07-06,4-09-07,建筑节能减排咨询师,BELONGS_TO
4-09-07-07,4-09-07,室内环境治理员,BELONGS_TO
4-09-08,4-09,环境卫生服务人员,BELONGS_TO
4-09-08-01,4-09-08,保洁员L,BELONGS_TO
4-09-08-02,4-09-08,生活垃圾清运工L,BELONGS_TO
4-09-08-03,4-09-08,生活垃圾处理工L,BELONGS_TO
4-09-09,4-09,有害生物防制人员,BELONGS_TO
4-09-09-00,4-09-09,有害生物防制员L,BELONGS_TO
4-09-10,4-09,绿化与园艺服务人员,BELONGS_TO
4-09-10-01,4-09-10,园林绿化工 L,BELONGS_TO
4-09-10-02,4-09-10,草坪园艺师,BELONGS_TO
4-09-10-03,4-09-10,盆景师,BELONGS_TO
4-09-10-04,4-09-10,假山工,BELONGS_TO
4-09-10-05,4-09-10,插花花艺师,BELONGS_TO
4-09-99,4-09,其他水利、环境和公共设施管理服务人员,BELONGS_TO
4-10-01,4-10,生活照料服务人员,BELONGS_TO
4-10-01-01,4-10-01,婴幼儿发展引导员,BELONGS_TO
4-10-01-03,4-10-01,保育师,BELONGS_TO
4-10-01-04,4-10-01,孤残儿童护理员,BELONGS_TO
4-10-01-05,4-10-01,养老护理员,BELONGS_TO
4-10-01-06,4-10-01,家政服务员,BELONGS_TO
4-10-01-07,4-10-01,家政服务经理人,BELONGS_TO
4-10-02,4-10,服装裁剪和洗染织补人员,BELONGS_TO
4-10-02-01,4-10-02,裁缝,BELONGS_TO
4-10-02-02,4-10-02,洗衣师,BELONGS_TO
4-10-02-03,4-10-02,染色师,BELONGS_TO
4-10-02-04,4-10-02,皮革护理师,BELONGS_TO
4-10-02-05,4-10-02,织补师,BELONGS_TO
4-10-03,4-10,美容美发和浴池服务人员,BELONGS_TO
4-10-03-01,4-10-03,美容师,BELONGS_TO
4-10-03-02,4-10-03,美发师,BELONGS_TO
4-10-03-03,4-10-03,美甲师,BELONGS_TO
4-10-03-04,4-10-03,浴池服务员,BELONGS_TO
4-10-03-05,4-10-03,修脚师,BELONGS_TO
4-10-04,4-10,保健服务人员,BELONGS_TO
4-10-04-01,4-10-04,保健调理师,BELONGS_TO
4-10-04-02,4-10-04,保健按摩师,BELONGS_TO
4-10-04-03,4-10-04,芳香保健师,BELONGS_TO
4-10-05,4-10,婚姻服务人员,BELONGS_TO
4-10-05-01,4-10-05,婚介师,BELONGS_TO
4-10-05-02,4-10-05,婚礼策划师,BELONGS_TO
4-10-05-03,4-10-05,婚姻家庭辅导师,BELONGS_TO
4-10-06,4-10,殡葬服务人员,BELONGS_TO
4-10-06-01,4-10-06,殡仪服务员,BELONGS_TO
4-10-06-02,4-10-06,遗体防腐整容师,BELONGS_TO
4-10-06-03,4-10-06,遗体火化师,BELONGS_TO
4-10-06-04,4-10-06,公墓管理员,BELONGS_TO
4-10-07,4-10,宠物服务人员,BELONGS_TO
4-10-07-01,4-10-07,宠物健康护理员,BELONGS_TO
4-10-07-02,4-10-07,宠物驯导师,BELONGS_TO
4-10-07-03,4-10-07,宠物美容师,BELONGS_TO
4-10-08,4-10,社区生活服务人员,BELONGS_TO
4-10-08-01,4-10-08,网约配送员,BELONGS_TO
4-10-08-02,4-10-08,汽车代驾员,BELONGS_TO
4-10-99,4-10,其他居民服务人员,BELONGS_TO
4-11-01,4-11,电力供应服务人员,BELONGS_TO
4-11-01-01,4-11-01,供电服务员,BELONGS_TO
4-11-01-02,4-11-01,电力交易员,BELONGS_TO
4-11-01-03,4-11-01,综合能源服务员L,BELONGS_TO
4-11-01-04,4-11-01,储能电站运维管理员 L,BELONGS_TO
4-11-01-05,4-11-01,电能质量管理员 L,BELONGS_TO
4-11-01-06,4-11-01,电力可靠性管理员L,BELONGS_TO
4-11-01-07,4-11-01,电力聚合运营员L/S,BELONGS_TO
4-11-02,4-11,燃气供应服务人员,BELONGS_TO
4-11-02-00,4-11-02,燃气供应服务员,BELONGS_TO
4-11-03,4-11,水供应服务人员,BELONGS_TO
4-11-03-01,4-11-03,水供应服务员,BELONGS_TO
4-11-03-02,4-11-03,村镇供水员,BELONGS_TO
4-11-99,4-11,其他电力、燃气及水供应服务人员,BELONGS_TO
4-12-01,4-12,汽车摩托车修理技术服务人员,BELONGS_TO
4-12-01-01,4-12-01,汽车维修工,BELONGS_TO
4-12-01-02,4-12-01,摩托车修理工,BELONGS_TO
4-12-01-03,4-12-01,电池及电池系统维修保养师L,BELONGS_TO
4-12-02,4-12,计算机和办公设备维修人员,BELONGS_TO
4-12-02-01,4-12-02,计算机维修工,BELONGS_TO
4-12-02-02,4-12-02,办公设备维修工,BELONGS_TO
4-12-02-03,4-12-02,信息通信网络终端维修员S,BELONGS_TO
4-12-03,4-12,家用电子电器产品维修人员,BELONGS_TO
4-12-03-01,4-12-03,家用电器产品维修工,BELONGS_TO
4-12-03-02,4-12-03,家用电子产品维修工,BELONGS_TO
4-12-04,4-12,日用产品修理服务人员,BELONGS_TO
4-12-04-01,4-12-04,自行车与电动自行车维修工,BELONGS_TO
4-12-04-02,4-12-04,修鞋工,BELONGS_TO
4-12-04-03,4-12-04,钟表维修工,BELONGS_TO
4-12-04-04,4-12-04,锁具修理工,BELONGS_TO
4-12-04-05,4-12-04,燃气具安装维修工,BELONGS_TO
4-12-04-06,4-12-04,照相器材维修工,BELONGS_TO
4-12-05,4-12,乐器维修人员,BELONGS_TO
4-12-05-01,4-12-05,乐器维修工,BELONGS_TO
4-12-05-02,4-12-05,钢琴调律师,BELONGS_TO
4-12-06,4-12,印章制作人员,BELONGS_TO
4-12-06-00,4-12-06,印章制作工,BELONGS_TO
4-12-99,4-12,其他修理及制作服务人员,BELONGS_TO
4-13-01,4-13,社会文化活动服务人员,BELONGS_TO
4-13-01-01,4-13-01,群众文化指导员,BELONGS_TO
4-13-01-02,4-13-01,礼仪主持人,BELONGS_TO
4-13-01-03,4-13-01,讲解员,BELONGS_TO
4-13-01-04,4-13-01,文化经纪人,BELONGS_TO
4-13-01-05,4-13-01,全媒体运营师S,BELONGS_TO
4-13-01-06,4-13-01,档案数字化管理师S,BELONGS_TO
4-13-01-07,4-13-01,图书馆服务员,BELONGS_TO
4-13-01-08,4-13-01,手语翻译,BELONGS_TO
4-13-01-09,4-13-01,版权经纪人,BELONGS_TO
4-13-01-10,4-13-01,网络主播 S,BELONGS_TO
4-13-02,4-13,广播、电视、电影和影视录音制作人员,BELONGS_TO
4-13-02-01,4-13-02,影视置景制作员,BELONGS_TO
4-13-02-02,4-13-02,动画制作员,BELONGS_TO
4-13-02-03,4-13-02,影视烟火特效员,BELONGS_TO
4-13-02-04,4-13-02,电影洗印员,BELONGS_TO
4-13-02-05,4-13-02,电影放映员,BELONGS_TO
4-13-02-06,4-13-02,音响调音员,BELONGS_TO
4-13-02-07,4-13-02,照明工,BELONGS_TO
4-13-02-08,4-13-02,影视服装员,BELONGS_TO
4-13-02-09,4-13-02,电视摄像员,BELONGS_TO
4-13-03,4-13,考古及文物保护作业人员,BELONGS_TO
4-13-03-01,4-13-03,考古探掘工,BELONGS_TO
4-13-03-02,4-13-03,文物修复师,BELONGS_TO
4-13-04,4-13,教育服务人员,BELONGS_TO
4-13-04-01,4-13-04,在线学习服务师,BELONGS_TO
4-13-04-02,4-13-04,国防教育辅导员,BELONGS_TO
4-13-04-03,4-13-04,家庭教育指导师,BELONGS_TO
4-13-04-04,4-13-04,研学旅游指导师,BELONGS_TO
4-13-99,4-13,其他文化和教育服务人员,BELONGS_TO
4-14-01,4-14,医疗辅助服务人员,BELONGS_TO
4-14-01-01,4-14-01,医疗临床辅助服务员,BELONGS_TO
4-14-01-02,4-14-01,医疗护理员,BELONGS_TO
4-14-01-03,4-14-01,健康照护师,BELONGS_TO
4-14-01-04,4-14-01,呼吸治疗师,BELONGS_TO
4-14-02,4-14,健康咨询服务人员,BELONGS_TO
4-14-02-01,4-14-02,营养师,BELONGS_TO
4-14-02-02,4-14-02,健康管理师,BELONGS_TO
4-14-02-03,4-14-02,生殖健康咨询师,BELONGS_TO
4-14-02-04,4-14-02,出生缺陷防控咨询师,BELONGS_TO
4-14-02-05,4-14-02,老年人能力评估师,BELONGS_TO
4-14-03,4-14,康复矫正服务人员,BELONGS_TO
4-14-03-01,4-14-03,助听器验配师,BELONGS_TO
4-14-03-02,4-14-03,口腔修复体制作师,BELONGS_TO
4-14-03-03,4-14-03,眼镜验光师,BELONGS_TO
4-14-03-04,4-14-03,眼睛定配工,BELONGS_TO
4-14-03-05,4-14-03,听觉口语师,BELONGS_TO
4-14-03-06,4-14-03,康复辅助技术咨询师,BELONGS_TO
4-14-04,4-14,公共卫生辅助服务人员,BELONGS_TO
4-14-04-01,4-14-04,防疫员,BELONGS_TO
4-14-04-02,4-14-04,消毒员,BELONGS_TO
4-14-04-03,4-14-04,公共场所卫生管理员,BELONGS_TO
4-14-04-04,4-14-04,社群健康助理员,BELONGS_TO
4-14-05,4-14,体育健身和娱乐场所服务人员,BELONGS_TO
4-14-05-01,4-14-05,社会体育指导员,BELONGS_TO
4-14-05-02,4-14-05,体育场馆管理员,BELONGS_TO
4-14-05-03,4-14-05,游泳救生员,BELONGS_TO
4-14-05-04,4-14-05,康乐服务员,BELONGS_TO
4-14-05-05,4-14-05,体育经纪人,BELONGS_TO
4-14-05-06,4-14-05,电子竞技运营师,BELONGS_TO
4-14-05-07,4-14-05,电子竞技员S,BELONGS_TO
4-14-05-08,4-14-05,滑雪巡救员,BELONGS_TO
4-14-06,4-14,康养、休闲服务人员,BELONGS_TO
4-14-06-01,4-14-06,森林园林康养师,BELONGS_TO
4-14-06-02,4-14-06,民宿管家,BELONGS_TO
4-14-99,4-14,其他健康、体育和休闲服务人员,BELONGS_TO
4-99-00,4-99,其他社会生产服务和生活服务人员,BELONGS_TO
5-01-01,5-01,作物种子(苗)繁育生产人员,BELONGS_TO
5-01-01-01,5-01-01,种子繁育员,BELONGS_TO
5-01-01-02,5-01-01,种苗繁育员,BELONGS_TO
5-01-02,5-01,农作物生产人员,BELONGS_TO
5-01-02-01,5-01-02,农艺工,BELONGS_TO
5-01-02-02,5-01-02,园艺工,BELONGS_TO
5-01-02-03,5-01-02,食用菌生产工,BELONGS_TO
5-01-02-04,5-01-02,热带作物栽培工,BELONGS_TO
5-01-02-05,5-01-02,中药材种植员,BELONGS_TO
5-01-99,5-01,其他农业生产人员,BELONGS_TO
5-02-01,5-02,林草种苗繁育人员,BELONGS_TO
5-02-01-00,5-02-01,林草种苗工L,BELONGS_TO
5-02-02,5-02,营造林人员,BELONGS_TO
5-02-02-00,5-02-02,造林更新工L,BELONGS_TO
5-02-03,5-02,森林经营和管护人员,BELONGS_TO
5-02-03-01,5-02-03,护林员 L,BELONGS_TO
5-02-03-02,5-02-03,森林抚育工L,BELONGS_TO
5-02-04,5-02,木材采运人员,BELONGS_TO
5-02-04-01,5-02-04,林木采伐工,BELONGS_TO
5-02-04-02,5-02-04,集材作业工,BELONGS_TO
5-02-04-03,5-02-04,木材水运工,BELONGS_TO
5-02-99,5-02,其他林业生产人员,BELONGS_TO
5-03-01,5-03,畜禽种苗繁育人员,BELONGS_TO
5-03-01-01,5-03-01,家畜繁殖员,BELONGS_TO
5-03-01-02,5-03-01,家禽繁殖员,BELONGS_TO
5-03-02,5-03,畜禽饲养人员,BELONGS_TO
5-03-02-01,5-03-02,家畜饲养员,BELONGS_TO
5-03-02-02,5-03-02,家禽饲养员,BELONGS_TO
5-03-03,5-03,特种经济动物饲养人员,BELONGS_TO
5-03-03-01,5-03-03,经济昆虫养殖员,BELONGS_TO
5-03-03-02,5-03-03,实验动物养殖员,BELONGS_TO
5-03-03-03,5-03-03,特种动物养殖员,BELONGS_TO
5-03-99,5-03,其他畜牧业生产人员,BELONGS_TO
5-04-01,5-04,水产苗种繁育人员,BELONGS_TO
5-04-01-01,5-04-01,水生动物苗种繁育工,BELONGS_TO
5-04-01-02,5-04-01,水生植物苗种培育工,BELONGS_TO
5-04-02,5-04,水产养殖人员,BELONGS_TO
5-04-02-01,5-04-02,水生动物饲养工,BELONGS_TO
5-04-02-02,5-04-02,水生植物栽培工,BELONGS_TO
5-04-02-03,5-04-02,水产养殖潜水工,BELONGS_TO
5-04-03,5-04,水产捕捞及有关人员,BELONGS_TO
5-04-03-01,5-04-03,水产捕捞工,BELONGS_TO
5-04-03-02,5-04-03,渔业船员,BELONGS_TO
5-04-03-03,5-04-03,渔网具工,BELONGS_TO
5-04-99,5-04,其他渔业生产人员,BELONGS_TO
5-05-01,5-05,农业生产服务人员,BELONGS_TO
5-05-01-01,5-05-01,农业技术员,BELONGS_TO
5-05-01-02,5-05-01,农业经理人L,BELONGS_TO
5-05-01-03,5-05-01,农业数字化技术员L/S,BELONGS_TO
5-05-01-04,5-05-01,农村集体经济经理人,BELONGS_TO
5-05-02,5-05,动植物疫病防治人员,BELONGS_TO
5-05-02-01,5-05-02,农作物植保员L,BELONGS_TO
5-05-02-02,5-05-02,林业有害生物防治员L,BELONGS_TO
5-05-02-03,5-05-02,动物疫病防治员,BELONGS_TO
5-05-02-04,5-05-02,动物检疫检验员,BELONGS_TO
5-05-02-05,5-05-02,水生物病害防治员,BELONGS_TO
5-05-02-06,5-05-02,水生物检疫检验员,BELONGS_TO
5-05-03,5-05,农村能源利用人员,BELONGS_TO
5-05-03-01,5-05-03,沼气工L,BELONGS_TO
5-05-03-02,5-05-03,农村节能员L,BELONGS_TO
5-05-03-03,5-05-03,太阳能利用工 L,BELONGS_TO
5-05-03-04,5-05-03,微水电利用工 L,BELONGS_TO
5-05-03-05,5-05-03,小风电利用工 L,BELONGS_TO
5-05-04,5-05,农村环境保护人员,BELONGS_TO
5-05-04-00,5-05-04,农村环境保护工 L,BELONGS_TO
5-05-05,5-05,农机化服务人员,BELONGS_TO
5-05-05-01,5-05-05,农机驾驶操作员,BELONGS_TO
5-05-05-02,5-05-05,农机修理工,BELONGS_TO
5-05-05-03,5-05-05,农机服务经纪人,BELONGS_TO
5-05-06,5-05,农副林特产品初加工人员,BELONGS_TO
5-05-06-01,5-05-06,园艺产品加工工,BELONGS_TO
5-05-06-02,5-05-06,棉花加工工,BELONGS_TO
5-05-06-03,5-05-06,热带作物初制工,BELONGS_TO
5-05-06-04,5-05-06,植物原料制取工,BELONGS_TO
5-05-06-05,5-05-06,竹藤师,BELONGS_TO
5-05-06-06,5-05-06,经济昆虫产品加工工,BELONGS_TO
5-05-06-07,5-05-06,水产品原料处理工,BELONGS_TO
5-05-06-08,5-05-06,代用茶加工工,BELONGS_TO
5-05-99,5-05,其他农、林、牧、渔业生产辅助人员,BELONGS_TO
5-99-00,5-99,其他农、林、牧、渔业生产及辅助人员,BELONGS_TO
6-01-01,6-01,粮油加工人员,BELONGS_TO
6-01-01-01,6-01-01,制米工,BELONGS_TO
6-01-01-02,6-01-01,制粉工,BELONGS_TO
6-01-01-03,6-01-01,制油工,BELONGS_TO
6-01-02,6-01,饲料加工人员,BELONGS_TO
6-01-02-00,6-01-02,饲料加工工,BELONGS_TO
6-01-03,6-01,制糖人员,BELONGS_TO
6-01-03-00,6-01-03,食糖制造工,BELONGS_TO
6-01-04,6-01,畜禽制品加工人员,BELONGS_TO
6-01-04-01,6-01-04,畜禽屠宰加工工,BELONGS_TO
6-01-04-02,6-01-04,畜禽副产品加工工,BELONGS_TO
6-01-04-03,6-01-04,肉制品加工工,BELONGS_TO
6-01-04-04,6-01-04,蛋类制品加工工,BELONGS_TO
6-01-05,6-01,水产品加工人员,BELONGS_TO
6-01-05-01,6-01-05,水产品加工工,BELONGS_TO
6-01-05-02,6-01-05,水产制品精制工,BELONGS_TO
6-01-06,6-01,果蔬和坚果加工人员,BELONGS_TO
6-01-06-00,6-01-06,果蔬坚果加工工,BELONGS_TO
6-01-07,6-01,淀粉和豆制品加工人员,BELONGS_TO
6-01-07-01,6-01-07,淀粉及淀粉糖制造工,BELONGS_TO
6-01-07-02,6-01-07,植物蛋白制作工,BELONGS_TO
6-01-07-03,6-01-07,豆制品制作工,BELONGS_TO
6-01-99,6-01,其他农副产品加工人员,BELONGS_TO
6-02-01,6-02,焙烤食品制造人员,BELONGS_TO
6-02-01-01,6-02-01,食品烘焙师,BELONGS_TO
6-02-01-02,6-02-01,糕点装饰师,BELONGS_TO
6-02-02,6-02,糖制品加工人员,BELONGS_TO
6-02-02-01,6-02-02,糖果巧克力制造工,BELONGS_TO
6-02-02-02,6-02-02,果脯蜜饯加工工,BELONGS_TO
6-02-03,6-02,方便食品和罐头食品加工人员,BELONGS_TO
6-02-03-01,6-02-03,米面主食制作工,BELONGS_TO
6-02-03-02,6-02-03,冷冻食品制作工,BELONGS_TO
6-02-03-03,6-02-03,罐头食品加工工,BELONGS_TO
6-02-04,6-02,乳制品加工人员,BELONGS_TO
6-02-04-01,6-02-04,乳品加工工,BELONGS_TO
6-02-04-02,6-02-04,乳品评鉴师,BELONGS_TO
6-02-05,6-02,调味品及食品添加剂制作人员,BELONGS_TO
6-02-05-01,6-02-05,味精制造工,BELONGS_TO
6-02-05-02,6-02-05,酱油酱类制作工,BELONGS_TO
6-02-05-03,6-02-05,食醋制作工,BELONGS_TO
6-02-05-04,6-02-05,精制制盐工,BELONGS_TO
6-02-05-05,6-02-05,酶制剂制造工,BELONGS_TO
6-02-05-06,6-02-05,柠檬酸制造工,BELONGS_TO
6-02-05-07,6-02-05,调味品品评师,BELONGS_TO
6-02-05-08,6-02-05,酱腌菜制作工,BELONGS_TO
6-02-06,6-02,酒、饮料及精制茶制造人员,BELONGS_TO
6-02-06-01,6-02-06,酿酒师,BELONGS_TO
6-02-06-02,6-02-06,酒精酿造工,BELONGS_TO
6-02-06-03,6-02-06,白酒酿造工,BELONGS_TO
6-02-06-04,6-02-06,啤酒酿造工,BELONGS_TO
6-02-06-05,6-02-06,黄酒酿造工,BELONGS_TO
6-02-06-06,6-02-06,果露酒酿造工,BELONGS_TO
6-02-06-07,6-02-06,品酒师,BELONGS_TO
6-02-06-08,6-02-06,麦芽制麦工,BELONGS_TO
6-02-06-09,6-02-06,饮料制作工,BELONGS_TO
6-02-06-10,6-02-06,茶叶加工工,BELONGS_TO
6-02-06-11,6-02-06,评茶师,BELONGS_TO
6-02-06-12,6-02-06,酒体设计师,BELONGS_TO
6-02-06-13,6-02-06,咖啡加工工,BELONGS_TO
6-02-99,6-02,其他食品、饮料生产加工人员,BELONGS_TO
6-03-01,6-03,烟叶初加工人员,BELONGS_TO
6-03-01-01,6-03-01,烟叶调制员,BELONGS_TO
6-03-01-02,6-03-01,烟叶评级员,BELONGS_TO
6-03-02,6-03,烟用材料生产人员,BELONGS_TO
6-03-02-01,6-03-02,烟用二醋片制造工,BELONGS_TO
6-03-02-02,6-03-02,烟用丝束制造工,BELONGS_TO
6-03-03,6-03,烟草制品生产人员,BELONGS_TO
6-03-03-01,6-03-03,烟机设备操作工,BELONGS_TO
6-03-03-02,6-03-03,烟草评吸师,BELONGS_TO
6-03-03-03,6-03-03,烟机设备机械修理工,BELONGS_TO
6-03-99,6-03,其他烟草及其制品加工人员,BELONGS_TO
6-04-01,6-04,纤维预处理人员,BELONGS_TO
6-04-01-01,6-04-01,开清棉工,BELONGS_TO
6-04-01-02,6-04-01,丝麻毛纤维预处理工,BELONGS_TO
6-04-01-03,6-04-01,纺织纤维梳理工,BELONGS_TO
6-04-01-04,6-04-01,并条工,BELONGS_TO
6-04-01-05,6-04-01,粗纱工,BELONGS_TO
6-04-02,6-04,纺纱人员,BELONGS_TO
6-04-02-01,6-04-02,纺纱工,BELONGS_TO
6-04-02-02,6-04-02,缫丝工,BELONGS_TO
6-04-03,6-04,织造人员,BELONGS_TO
6-04-03-01,6-04-03,整经工,BELONGS_TO
6-04-03-02,6-04-03,浆纱浆染工,BELONGS_TO
6-04-03-03,6-04-03,织布工,BELONGS_TO
6-04-03-04,6-04-03,意匠纹版工,BELONGS_TO
6-04-04,6-04,针织人员,BELONGS_TO
6-04-04-01,6-04-04,纬编工,BELONGS_TO
6-04-04-02,6-04-04,经编工,BELONGS_TO
6-04-04-03,6-04-04,横机工,BELONGS_TO
6-04-05,6-04,非织造布制造人员,BELONGS_TO
6-04-05-00,6-04-05,非织造布制造工,BELONGS_TO
6-04-06,6-04,印染人员,BELONGS_TO
6-04-06-01,6-04-06,印染前处理工,BELONGS_TO
6-04-06-02,6-04-06,纺织染色工,BELONGS_TO
6-04-06-03,6-04-06,印花工,BELONGS_TO
6-04-06-04,6-04-06,纺织印花制版工,BELONGS_TO
6-04-06-05,6-04-06,印染后整理工,BELONGS_TO
6-04-06-06,6-04-06,印染染化料配制工,BELONGS_TO
6-04-06-07,6-04-06,工艺染织品制作工,BELONGS_TO
6-04-99,6-04,其他纺织、针织、印染人员,BELONGS_TO
6-05-01,6-05,纺织品和服装剪裁缝纫人员,BELONGS_TO
6-05-01-01,6-05-01,服装制版师,BELONGS_TO
6-05-01-02,6-05-01,裁剪工,BELONGS_TO
6-05-01-03,6-05-01,缝纫工,BELONGS_TO
6-05-01-04,6-05-01,缝纫品整型工,BELONGS_TO
6-05-01-05,6-05-01,服装水洗工,BELONGS_TO
6-05-01-06,6-05-01,绒线编织拼布工,BELONGS_TO
6-05-02,6-05,皮革、毛皮及其制品加工人员,BELONGS_TO
6-05-02-01,6-05-02,皮革及皮革制品加工工,BELONGS_TO
6-05-02-02,6-05-02,毛皮及毛皮制品加工工,BELONGS_TO
6-05-03,6-05,羽绒羽毛加工及制品制造人员,BELONGS_TO
6-05-03-00,6-05-03,羽绒加工及制品充填工,BELONGS_TO
6-05-04,6-05,鞋帽制作人员,BELONGS_TO
6-05-04-01,6-05-04,制鞋工,BELONGS_TO
6-05-04-02,6-05-04,制帽工,BELONGS_TO
6-05-99,6-05,其他纺织品、服装和皮革、毛皮制品加工制作人员,BELONGS_TO
6-06-01,6-06,木材加工人员,BELONGS_TO
6-06-01-01,6-06-01,制材工,BELONGS_TO
6-06-01-02,6-06-01,木竹藤材处理工,BELONGS_TO
6-06-02,6-06,人造板制造人员,BELONGS_TO
6-06-02-01,6-06-02,胶合板工,BELONGS_TO
6-06-02-02,6-06-02,纤维板工,BELONGS_TO
6-06-02-03,6-06-02,刨花板工,BELONGS_TO
6-06-02-04,6-06-02,浸渍纸层压板工,BELONGS_TO
6-06-02-05,6-06-02,人造板饰面工,BELONGS_TO
6-06-03,6-06,木制品制造人员,BELONGS_TO
6-06-03-01,6-06-03,手工木工,BELONGS_TO
6-06-03-02,6-06-03,机械木工,BELONGS_TO
6-06-03-03,6-06-03,木地板制造工,BELONGS_TO
6-06-04,6-06,家具制造人员,BELONGS_TO
6-06-04-00,6-06-04,家具制作工,BELONGS_TO
6-06-99,6-06,其他木材加工、家具与木制品制作人员,BELONGS_TO
6-07-01,6-07,制浆造纸人员,BELONGS_TO
6-07-01-01,6-07-01,制浆工,BELONGS_TO
6-07-01-02,6-07-01,制浆废液回收利用工L,BELONGS_TO
6-07-01-03,6-07-01,造纸工,BELONGS_TO
6-07-01-04,6-07-01,纸张整饰工,BELONGS_TO
6-07-01-05,6-07-01,宣纸书画纸制作工,BELONGS_TO
6-07-02,6-07,纸制品制作人员,BELONGS_TO
6-07-02-00,6-07-02,纸箱纸盒制作工,BELONGS_TO
6-07-99,6-07,其他纸及纸制品生产加工人员,BELONGS_TO
6-08-01,6-08,印刷人员,BELONGS_TO
6-08-01-01,6-08-01,印前处理和制作员,BELONGS_TO
6-08-01-02,6-08-01,印刷操作员,BELONGS_TO
6-08-01-03,6-08-01,印后制作员,BELONGS_TO
6-08-02,6-08,记录媒介复制人员,BELONGS_TO
6-08-02-00,6-08-02,音像制品和电子出版物复制员,BELONGS_TO
6-08-99,6-08,其他印刷和记录媒介复制人员,BELONGS_TO
6-09-01,6-09,文教用品制作人员,BELONGS_TO
6-09-01-01,6-09-01,自来水笔制造工,BELONGS_TO
6-09-01-02,6-09-01,圆珠笔制造工,BELONGS_TO
6-09-01-03,6-09-01,铅笔制造工,BELONGS_TO
6-09-01-04,6-09-01,毛笔制作工,BELONGS_TO
6-09-01-05,6-09-01,记号笔制造工,BELONGS_TO
6-09-01-06,6-09-01,墨制作工,BELONGS_TO
6-09-01-07,6-09-01,墨水墨汁制造工,BELONGS_TO
6-09-01-08,6-09-01,绘图仪器制作工,BELONGS_TO
6-09-01-09,6-09-01,印泥制作工,BELONGS_TO
6-09-02,6-09,乐器制作人员,BELONGS_TO
6-09-02-01,6-09-02,钢琴及键盘乐器制作工,BELONGS_TO
6-09-02-02,6-09-02,提琴吉他制作工,BELONGS_TO
6-09-02-03,6-09-02,管乐器制作工,BELONGS_TO
6-09-02-04,6-09-02,民族拉弦弹拨乐器制作工,BELONGS_TO
6-09-02-05,6-09-02,吹奏乐器制作工,BELONGS_TO
6-09-02-06,6-09-02,打击乐器制作工,BELONGS_TO
6-09-02-07,6-09-02,电鸣乐器制作工,BELONGS_TO
6-09-03,6-09,工艺美术品制造人员,BELONGS_TO
6-09-03-01,6-09-03,工艺品雕刻工,BELONGS_TO
6-09-03-02,6-09-03,雕塑翻制工,BELONGS_TO
6-09-03-03,6-09-03,陶瓷工艺品制作师,BELONGS_TO
6-09-03-04,6-09-03,景泰蓝制作工,BELONGS_TO
6-09-03-05,6-09-03,金属摆件制作工,BELONGS_TO
6-09-03-06,6-09-03,漆器制作工,BELONGS_TO
6-09-03-07,6-09-03,壁画制作工,BELONGS_TO
6-09-03-08,6-09-03,版画制作工,BELONGS_TO
6-09-03-09,6-09-03,人造花制作工,BELONGS_TO
6-09-03-10,6-09-03,工艺画制作工,BELONGS_TO
6-09-03-11,6-09-03,抽纱刺绣工,BELONGS_TO
6-09-03-12,6-09-03,手工地毯制作工,BELONGS_TO
6-09-03-13,6-09-03,机制地毯制作工,BELONGS_TO
6-09-03-14,6-09-03,宝石琢磨工,BELONGS_TO
6-09-03-15,6-09-03,贵金属首饰制作工,BELONGS_TO
6-09-03-16,6-09-03,装裱师,BELONGS_TO
6-09-03-17,6-09-03,民间工艺品制作工,BELONGS_TO
6-09-03-18,6-09-03,剧装工,BELONGS_TO
6-09-03-19,6-09-03,民间工艺品艺人,BELONGS_TO
6-09-04,6-09,体育用品制作人员,BELONGS_TO
6-09-04-01,6-09-04,制球工,BELONGS_TO
6-09-04-02,6-09-04,球拍球网制作工,BELONGS_TO
6-09-04-03,6-09-04,健身器材制作工,BELONGS_TO
6-09-05,6-09,玩具制作人员,BELONGS_TO
6-09-05-00,6-09-05,玩具制作工,BELONGS_TO
6-09-99,6-09,其他文教、工美、体育和娱乐用品制造人员,BELONGS_TO
6-10-01,6-10,石油炼制生产人员,BELONGS_TO
6-10-01-01,6-10-01,原油蒸馏工,BELONGS_TO
6-10-01-02,6-10-01,催化裂化工,BELONGS_TO
6-10-01-03,6-10-01,蜡油渣油加氢工,BELONGS_TO
6-10-01-04,6-10-01,渣油热加工工,BELONGS_TO
6-10-01-05,6-10-01,石脑油加工工,BELONGS_TO
6-10-01-06,6-10-01,炼厂气加工工,BELONGS_TO
6-10-01-07,6-10-01,润滑油脂生产工,BELONGS_TO
6-10-01-08,6-10-01,石油产品精制工,BELONGS_TO
6-10-01-09,6-10-01,油制气工,BELONGS_TO
6-10-01-10,6-10-01,油品储运工,BELONGS_TO
6-10-01-11,6-10-01,油母页岩提炼工 L,BELONGS_TO
6-10-02,6-10,炼焦人员,BELONGS_TO
6-10-02-01,6-10-02,炼焦煤制备工,BELONGS_TO
6-10-02-02,6-10-02,炼焦工,BELONGS_TO
6-10-03,6-10,煤化工生产人员,BELONGS_TO
6-10-03-01,6-10-03,煤制烯烃生产工,BELONGS_TO
6-10-03-02,6-10-03,煤制油生产工,BELONGS_TO
6-10-03-03,6-10-03,煤制气工,BELONGS_TO
6-10-03-04,6-10-03,水煤浆制备工,BELONGS_TO
6-10-03-05,6-10-03,工业型煤工,BELONGS_TO
6-10-03-06,6-10-03,煤提质工 L,BELONGS_TO
6-10-99,6-10,其他石油加工和炼焦、煤化工生产人员,BELONGS_TO
6-11-01,6-11,化工产品生产通用工艺人员,BELONGS_TO
6-11-01-01,6-11-01,化工原料准备工,BELONGS_TO
6-11-01-02,6-11-01,化工单元操作工,BELONGS_TO
6-11-01-03,6-11-01,化工总控工 S,BELONGS_TO
6-11-01-04,6-11-01,制冷工,BELONGS_TO
6-11-01-05,6-11-01,工业清洗工,BELONGS_TO
6-11-01-06,6-11-01,腐蚀控制工,BELONGS_TO
6-11-02,6-11,基础化学原料制造人员,BELONGS_TO
6-11-02-01,6-11-02,硫酸生产工,BELONGS_TO
6-11-02-02,6-11-02,硝酸生产工,BELONGS_TO
6-11-02-03,6-11-02,盐酸生产工,BELONGS_TO
6-11-02-04,6-11-02,磷酸生产工,BELONGS_TO
6-11-02-05,6-11-02,纯碱生产工,BELONGS_TO
6-11-02-06,6-11-02,烧碱生产工,BELONGS_TO
6-11-02-07,6-11-02,无机盐生产工,BELONGS_TO
6-11-02-08,6-11-02,提硝工,BELONGS_TO
6-11-02-09,6-11-02,卤水综合利用工,BELONGS_TO
6-11-02-10,6-11-02,无机化学反应生产工,BELONGS_TO
6-11-02-11,6-11-02,脂肪烃生产工,BELONGS_TO
6-11-02-12,6-11-02,芳香烃生产工,BELONGS_TO
6-11-02-13,6-11-02,脂肪烃衍生物生产工,BELONGS_TO
6-11-02-14,6-11-02,芳香烃衍生物生产工,BELONGS_TO
6-11-02-15,6-11-02,有机合成工,BELONGS_TO
6-11-03,6-11,化学肥料生产人员,BELONGS_TO
6-11-03-01,6-11-03,合成氨生产工,BELONGS_TO
6-11-03-02,6-11-03,尿素生产工,BELONGS_TO
6-11-03-03,6-11-03,硝酸铵生产工,BELONGS_TO
6-11-03-04,6-11-03,硫酸铵生产工,BELONGS_TO
6-11-03-05,6-11-03,过磷酸钙生产工,BELONGS_TO
6-11-03-06,6-11-03,复混肥生产工,BELONGS_TO
6-11-03-07,6-11-03,钙镁磷肥生产工,BELONGS_TO
6-11-03-08,6-11-03,钾肥生产工,BELONGS_TO
6-11-04,6-11,农药生产人员,BELONGS_TO
6-11-04-00,6-11-04,农药生产工,BELONGS_TO
6-11-05,6-11,涂料、油墨、颜料及类似产品制造人员,BELONGS_TO
6-11-05-01,6-11-05,涂料生产工,BELONGS_TO
6-11-05-02,6-11-05,油墨制造工,BELONGS_TO
6-11-05-03,6-11-05,颜料生产工,BELONGS_TO
6-11-05-04,6-11-05,染料生产工,BELONGS_TO
6-11-06,6-11,合成树脂生产人员,BELONGS_TO
6-11-06-00,6-11-06,合成树脂生产工,BELONGS_TO
6-11-07,6-11,合成橡胶生产人员,BELONGS_TO
6-11-07-00,6-11-07,合成橡胶生产工,BELONGS_TO
6-11-08,6-11,专用化学产品生产人员,BELONGS_TO
6-11-08-01,6-11-08,催化剂生产工,BELONGS_TO
6-11-08-02,6-11-08,总溶剂生产工,BELONGS_TO
6-11-08-03,6-11-08,化学试剂生产工,BELONGS_TO
6-11-08-04,6-11-08,印染助剂生产工,BELONGS_TO
6-11-08-05,6-11-08,表面活性剂制造工,BELONGS_TO
6-11-08-06,6-11-08,化工添加剂生产工,BELONGS_TO
6-11-08-07,6-11-08,油脂化工产品制造工,BELONGS_TO
6-11-08-08,6-11-08,动物胶制造工,BELONGS_TO
6-11-08-09,6-11-08,人造板制胶工,BELONGS_TO
6-11-08-10,6-11-08,有机硅生产工,BELONGS_TO
6-11-08-11,6-11-08,有机氟生产工,BELONGS_TO
6-11-08-12,6-11-08,松香工,BELONGS_TO
6-11-08-13,6-11-08,松节油制品工,BELONGS_TO
6-11-08-14,6-11-08,活性炭生产工,BELONGS_TO
6-11-08-15,6-11-08,橡胶生产工,BELONGS_TO
6-11-08-16,6-11-08,紫胶生产工,BELONGS_TO
6-11-08-17,6-11-08,栓皮制品工,BELONGS_TO
6-11-08-18,6-11-08,植物原料水解工,BELONGS_TO
6-11-08-19,6-11-08,感光材料生产工,BELONGS_TO
6-11-08-20,6-11-08,胶印版材生产工,BELONGS_TO
6-11-08-21,6-11-08,柔性版材生产工,BELONGS_TO
6-11-08-22,6-11-08,磁记录材料生产工,BELONGS_TO
6-11-08-23,6-11-08,热转移防护膜涂布工,BELONGS_TO
6-11-08-24,6-11-08,平板显示膜生产工,BELONGS_TO
6-11-08-25,6-11-08,甘油制造工,BELONGS_TO
6-11-08-26,6-11-08,生物质化工产品生产工,BELONGS_TO
6-11-09,6-11,火工品制造、保管、爆破及焰火产品制造人员,BELONGS_TO
6-11-09-01,6-11-09,雷管制造工,BELONGS_TO
6-11-09-02,6-11-09,索状爆破器材制造工,BELONGS_TO
6-11-09-03,6-11-09,火工品装配工,BELONGS_TO
6-11-09-04,6-11-09,火工品管理工,BELONGS_TO
6-11-09-05,6-11-09,烟花爆竹工,BELONGS_TO
6-11-10,6-11,日用化学品生产人员,BELONGS_TO
6-11-10-01,6-11-10,合成洗涤剂制造工,BELONGS_TO
6-11-10-02,6-11-10,肥皂制造工,BELONGS_TO
6-11-10-03,6-11-10,化妆品配方师,BELONGS_TO
6-11-10-04,6-11-10,化妆品制造工,BELONGS_TO
6-11-10-05,6-11-10,口腔清洁剂制造工,BELONGS_TO
6-11-10-06,6-11-10,香料制造工,BELONGS_TO
6-11-10-07,6-11-10,调香师,BELONGS_TO
6-11-10-08,6-11-10,香精配制工,BELONGS_TO
6-11-10-09,6-11-10,火柴制造工,BELONGS_TO
6-11-10-10,6-11-10,日用化学用品配方师,BELONGS_TO
6-11-99,6-11,其他化学原料和化学制品制造人员,BELONGS_TO
6-12-01,6-12,化学药品原料药制造人员,BELONGS_TO
6-12-01-00,6-12-01,化学合成制药工,BELONGS_TO
6-12-02,6-12,中药饮片加工人员,BELONGS_TO
6-12-02-00,6-12-02,中药炮制工,BELONGS_TO
6-12-03,6-12,药物制剂人员,BELONGS_TO
6-12-03-00,6-12-03,药物制剂工,BELONGS_TO
6-12-04,6-12,兽用药品制造人员,BELONGS_TO
6-12-04-00,6-12-04,兽药制造工,BELONGS_TO
6-12-05,6-12,生物药品制造人员,BELONGS_TO
6-12-05-01,6-12-05,生化药品制造工,BELONGS_TO
6-12-05-02,6-12-05,发酵工程制药工,BELONGS_TO
6-12-05-03,6-12-05,疫苗制品工,BELONGS_TO
6-12-05-04,6-12-05,血液制品工,BELONGS_TO
6-12-05-05,6-12-05,基因工程药品生产工,BELONGS_TO
6-12-99,6-12,其他医药制造人员,BELONGS_TO
6-13-01,6-13,化学纤维原料制造人员,BELONGS_TO
6-13-01-01,6-13-01,化学聚合工,BELONGS_TO
6-13-01-02,6-13-01,纺丝原液制造工,BELONGS_TO
6-13-01-03,6-13-01,碳纤维制品成型制作工,BELONGS_TO
6-13-02,6-13,化学纤维纺丝及后处理人员,BELONGS_TO
6-13-02-01,6-13-02,纺丝工,BELONGS_TO
6-13-02-02,6-13-02,化纤后处理工,BELONGS_TO
6-13-99,6-13,其他化学纤维制造人员,BELONGS_TO
6-14-01,6-14,橡胶制品生产人员,BELONGS_TO
6-14-01-01,6-14-01,橡胶制品生产工,BELONGS_TO
6-14-01-02,6-14-01,轮胎翻修工,BELONGS_TO
6-14-02,6-14,塑料制品加工人员,BELONGS_TO
6-14-02-00,6-14-02,塑料制品成型制作工,BELONGS_TO
6-14-99,6-14,其他橡胶和塑料制品制造人员,BELONGS_TO
6-15-01,6-15,水泥、石灰、石膏及其制品制造人员,BELONGS_TO
6-15-01-01,6-15-01,水泥生产工,BELONGS_TO
6-15-01-02,6-15-01,水泥混凝土制品工,BELONGS_TO
6-15-01-03,6-15-01,石灰煅烧工,BELONGS_TO
6-15-01-04,6-15-01,石膏粉生产工,BELONGS_TO
6-15-01-05,6-15-01,石膏制品生产工,BELONGS_TO
6-15-01-06,6-15-01,预拌混凝土生产工,BELONGS_TO
6-15-02,6-15,砖瓦石材等建筑材料制造人员,BELONGS_TO
6-15-02-01,6-15-02,砖瓦生产工,BELONGS_TO
6-15-02-02,6-15-02,加气混凝土制品工,BELONGS_TO
6-15-02-03,6-15-02,石材生产工,BELONGS_TO
6-15-02-04,6-15-02,人造石生产加工工,BELONGS_TO
6-15-02-05,6-15-02,防水卷材制造工,BELONGS_TO
6-15-02-06,6-15-02,保温材料制造工,BELONGS_TO
6-15-02-07,6-15-02,吸音材料制造工,BELONGS_TO
6-15-02-08,6-15-02,砂石骨料生产工,BELONGS_TO
6-15-03,6-15,玻璃及玻璃制品生产加工人员,BELONGS_TO
6-15-03-01,6-15-03,玻璃配料熔化工,BELONGS_TO
6-15-03-02,6-15-03,玻璃及玻璃制品成型工,BELONGS_TO
6-15-03-03,6-15-03,玻璃加工工,BELONGS_TO
6-15-03-04,6-15-03,玻璃制品加工工,BELONGS_TO
6-15-03-05,6-15-03,电子玻璃制品加工工,BELONGS_TO
6-15-03-06,6-15-03,石英玻璃制品加工工,BELONGS_TO
6-15-04,6-15,玻璃纤维及玻璃纤维增强塑料制品制造人员,BELONGS_TO
6-15-04-01,6-15-04,玻璃纤维及制品工,BELONGS_TO
6-15-04-02,6-15-04,玻璃钢制品工,BELONGS_TO
6-15-05,6-15,陶瓷制品制造人员,BELONGS_TO
6-15-05-01,6-15-05,陶瓷原料准备工,BELONGS_TO
6-15-05-02,6-15-05,陶瓷成型施釉工,BELONGS_TO
6-15-05-03,6-15-05,陶瓷烧成工,BELONGS_TO
6-15-05-04,6-15-05,陶瓷装饰工,BELONGS_TO
6-15-05-05,6-15-05,古建筑璃工,BELONGS_TO
6-15-06,6-15,耐火材料制品生产人员,BELONGS_TO
6-15-06-01,6-15-06,耐火原料加工成型工,BELONGS_TO
6-15-06-02,6-15-06,耐火材料烧成工,BELONGS_TO
6-15-06-03,6-15-06,耐火制品加工工,BELONGS_TO
6-15-06-04,6-15-06,耐火纤维制品工,BELONGS_TO
6-15-07,6-15,石墨及炭素制品生产人员,BELONGS_TO
6-15-07-01,6-15-07,炭素煅烧工,BELONGS_TO
6-15-07-02,6-15-07,炭素成型工,BELONGS_TO
6-15-07-03,6-15-07,炭素焙烧工,BELONGS_TO
6-15-07-04,6-15-07,炭素浸渍工,BELONGS_TO
6-15-07-05,6-15-07,石墨化工,BELONGS_TO
6-15-07-06,6-15-07,炭素制品工,BELONGS_TO
6-15-07-07,6-15-07,炭素特种材料工,BELONGS_TO
6-15-08,6-15,高岭土、珍珠岩等非金属矿物加工人员,BELONGS_TO
6-15-08-01,6-15-08,人工合成晶体工,BELONGS_TO
6-15-08-02,6-15-08,高岭土加工工,BELONGS_TO
6-15-08-03,6-15-08,珍珠岩加工工,BELONGS_TO
6-15-08-04,6-15-08,石棉制品工,BELONGS_TO
6-15-08-05,6-15-08,云母制品工,BELONGS_TO
6-15-99,6-15,其他非金属矿物制品制造人员,BELONGS_TO
6-16-01,6-16,矿物采选人员,BELONGS_TO
6-16-01-01,6-16-01,露天采矿工,BELONGS_TO
6-16-01-02,6-16-01,露天矿物开采辅助工,BELONGS_TO
6-16-01-03,6-16-01,运矿排土工,BELONGS_TO
6-16-01-04,6-16-01,矿井开掘工,BELONGS_TO
6-16-01-05,6-16-01,井下采矿工,BELONGS_TO
6-16-01-06,6-16-01,井下支护工,BELONGS_TO
6-16-01-07,6-16-01,井下机车运输工,BELONGS_TO
6-16-01-08,6-16-01,矿山提升设备操作工,BELONGS_TO
6-16-01-09,6-16-01,矿井通风工,BELONGS_TO
6-16-01-10,6-16-01,矿山安全防护工,BELONGS_TO
6-16-01-11,6-16-01,矿山安全设备监测检修工,BELONGS_TO
6-16-01-12,6-16-01,矿山救护工,BELONGS_TO
6-16-01-13,6-16-01,矿山生产集控员,BELONGS_TO
6-16-01-14,6-16-01,矿石处理工,BELONGS_TO
6-16-01-15,6-16-01,选矿工,BELONGS_TO
6-16-01-16,6-16-01,选矿脱水工,BELONGS_TO
6-16-01-17,6-16-01,尾矿工,BELONGS_TO
6-16-02,6-16,石油和天然气开采与储运人员,BELONGS_TO
6-16-02-01,6-16-02,石油勘探工,BELONGS_TO
6-16-02-02,6-16-02,钻井工,BELONGS_TO
6-16-02-03,6-16-02,钻井协作工,BELONGS_TO
6-16-02-04,6-16-02,井下作业设备操作维修工,BELONGS_TO
6-16-02-05,6-16-02,水下钻井设备操作工,BELONGS_TO
6-16-02-06,6-16-02,油气水井测试工,BELONGS_TO
6-16-02-07,6-16-02,石油开采工,BELONGS_TO
6-16-02-08,6-16-02,天然气开采工,BELONGS_TO
6-16-02-09,6-16-02,煤层气排采集输工,BELONGS_TO
6-16-02-10,6-16-02,天然气处理工,BELONGS_TO
6-16-02-11,6-16-02,油气输送工,BELONGS_TO
6-16-02-12,6-16-02,油气管道维护工,BELONGS_TO
6-16-02-13,6-16-02,海上平台水手,BELONGS_TO
6-16-03,6-16,采盐人员,BELONGS_TO
6-16-03-01,6-16-03,海盐制盐工,BELONGS_TO
6-16-03-02,6-16-03,湖盐制盐工,BELONGS_TO
6-16-03-03,6-16-03,井矿盐制盐工,BELONGS_TO
6-16-99,6-16,其他采矿人员,BELONGS_TO
6-17-01,6-17,炼铁人员,BELONGS_TO
6-17-01-01,6-17-01,烧结球团原料工,BELONGS_TO
6-17-01-02,6-17-01,粉矿烧结工,BELONGS_TO
6-17-01-03,6-17-01,球团焙烧工,BELONGS_TO
6-17-01-04,6-17-01,烧结成品工,BELONGS_TO
6-17-01-05,6-17-01,高炉原料工,BELONGS_TO
6-17-01-06,6-17-01,高炉炼铁工,BELONGS_TO
6-17-01-07,6-17-01,高炉运转工,BELONGS_TO
6-17-01-08,6-17-01,氢基直接还原炼铁工 L,BELONGS_TO
6-17-02,6-17,炼钢人员,BELONGS_TO
6-17-02-01,6-17-02,炼钢原料工,BELONGS_TO
6-17-02-02,6-17-02,炼钢工,BELONGS_TO
6-17-02-03,6-17-02,炼钢浇铸工,BELONGS_TO
6-17-02-04,6-17-02,炼钢准备工,BELONGS_TO
6-17-02-05,6-17-02,整模脱模工,BELONGS_TO
6-17-03,6-17,铸铁管人员,BELONGS_TO
6-17-03-01,6-17-03,铸管备品工,BELONGS_TO
6-17-03-02,6-17-03,铸管工,BELONGS_TO
6-17-03-03,6-17-03,铸管精整工,BELONGS_TO
6-17-04,6-17,铁合金冶炼人员,BELONGS_TO
6-17-04-01,6-17-04,铁合金原料工,BELONGS_TO
6-17-04-02,6-17-04,铁合金火法冶炼工,BELONGS_TO
6-17-04-03,6-17-04,铁合金烧结工,BELONGS_TO
6-17-04-04,6-17-04,铁合金湿法冶炼工,BELONGS_TO
6-17-04-05,6-17-04,钒氮合金工,BELONGS_TO
6-17-05,6-17,重有色金属冶炼人员,BELONGS_TO
6-17-05-01,6-17-05,重冶备料工,BELONGS_TO
6-17-05-02,6-17-05,重金属物料焙烧工,BELONGS_TO
6-17-05-03,6-17-05,重冶火法冶炼工,BELONGS_TO
6-17-05-04,6-17-05,重冶湿法冶炼工,BELONGS_TO
6-17-05-05,6-17-05,电解精炼工,BELONGS_TO
6-17-06,6-17,轻有色金属冶炼人员,BELONGS_TO
6-17-06-01,6-17-06,氧化铝制取工,BELONGS_TO
6-17-06-02,6-17-06,铝电解工,BELONGS_TO
6-17-06-03,6-17-06,镁冶炼工,BELONGS_TO
6-17-06-04,6-17-06,硅冶炼工,BELONGS_TO
6-17-07,6-17,稀贵金属冶炼人员,BELONGS_TO
6-17-07-01,6-17-07,钨钼冶炼工,BELONGS_TO
6-17-07-02,6-17-07,钽钒冶炼工,BELONGS_TO
6-17-07-03,6-17-07,钛冶炼工,BELONGS_TO
6-17-07-04,6-17-07,稀土冶炼工,BELONGS_TO
6-17-07-05,6-17-07,稀土材料生产工,BELONGS_TO
6-17-07-06,6-17-07,贵金属冶炼工,BELONGS_TO
6-17-07-07,6-17-07,锂冶炼工,BELONGS_TO
6-17-08,6-17,半导体材料制备人员,BELONGS_TO
6-17-08-01,6-17-08,半导体辅料制备工,BELONGS_TO
6-17-08-02,6-17-08,多晶硅制取工,BELONGS_TO
6-17-09,6-17,金属轧制人员,BELONGS_TO
6-17-09-01,6-17-09,轧制原料工,BELONGS_TO
6-17-09-02,6-17-09,金属轧制工,BELONGS_TO
6-17-09-03,6-17-09,金属材酸碱洗工,BELONGS_TO
6-17-09-04,6-17-09,金属材涂层机组操作工,BELONGS_TO
6-17-09-05,6-17-09,金属材热处理工,BELONGS_TO
6-17-09-06,6-17-09,焊管机组操作工,BELONGS_TO
6-17-09-07,6-17-09,金属材精整工,BELONGS_TO
6-17-09-08,6-17-09,金属材丝拉拔工,BELONGS_TO
6-17-09-09,6-17-09,金属挤压工,BELONGS_TO
6-17-09-10,6-17-09,铸轧工,BELONGS_TO
6-17-09-11,6-17-09,钢丝绳制造工,BELONGS_TO
6-17-10,6-17,硬质合金生产人员,BELONGS_TO
6-17-10-01,6-17-10,硬质合金混合料工,BELONGS_TO
6-17-10-02,6-17-10,硬质合金成型工,BELONGS_TO
6-17-10-03,6-17-10,硬质合金烧结工,BELONGS_TO
6-17-10-04,6-17-10,硬质合金精加工工,BELONGS_TO
6-17-99,6-17,其他金属冶炼和压延加工人员,BELONGS_TO
6-18-01,6-18,机械冷加工人员,BELONGS_TO
6-18-01-01,6-18-01,车工,BELONGS_TO
6-18-01-02,6-18-01,铣工,BELONGS_TO
6-18-01-03,6-18-01,刨插工,BELONGS_TO
6-18-01-04,6-18-01,磨工,BELONGS_TO
6-18-01-05,6-18-01,镗工,BELONGS_TO
6-18-01-06,6-18-01,钻床工,BELONGS_TO
6-18-01-07,6-18-01,多工序数控机床操作调整工,BELONGS_TO
6-18-01-08,6-18-01,电切削工,BELONGS_TO
6-18-01-09,6-18-01,拉床工,BELONGS_TO
6-18-01-10,6-18-01,下料工,BELONGS_TO
6-18-01-11,6-18-01,铆工,BELONGS_TO
6-18-01-12,6-18-01,冲压工,BELONGS_TO
6-18-01-13,6-18-01,增材制造设备操作员 L/S,BELONGS_TO
6-18-02,6-18,机械热加工人员,BELONGS_TO
6-18-02-01,6-18-02,铸造工,BELONGS_TO
6-18-02-02,6-18-02,锻造工,BELONGS_TO
6-18-02-03,6-18-02,金属热处理工,BELONGS_TO
6-18-02-04,6-18-02,焊工,BELONGS_TO
6-18-02-05,6-18-02,机械加工材料切割工,BELONGS_TO
6-18-02-06,6-18-02,粉末冶金制品制造工,BELONGS_TO
6-18-03,6-18,机械表面处理加工人员,BELONGS_TO
6-18-03-01,6-18-03,镀层工,BELONGS_TO
6-18-03-02,6-18-03,镀膜工,BELONGS_TO
6-18-03-03,6-18-03,涂装工,BELONGS_TO
6-18-03-04,6-18-03,喷涂喷焊工,BELONGS_TO
6-18-04,6-18,工装工具制造加工人员,BELONGS_TO
6-18-04-01,6-18-04,模具工,BELONGS_TO
6-18-04-02,6-18-04,模型制作工,BELONGS_TO
6-18-04-03,6-18-04,磨料制造工,BELONGS_TO
6-18-04-04,6-18-04,磨具制造工,BELONGS_TO
6-18-04-05,6-18-04,量具和刀具制造工,BELONGS_TO
6-18-04-06,6-18-04,工具钳工,BELONGS_TO
6-18-99,6-18,其他机械制造基础加工人员,BELONGS_TO
6-19-01,6-19,五金制品制作装配人员,BELONGS_TO
6-19-01-01,6-19-01,工具五金制作工,BELONGS_TO
6-19-01-02,6-19-01,建筑五金制品制作工,BELONGS_TO
6-19-01-03,6-19-01,锁具制作工,BELONGS_TO
6-19-01-04,6-19-01,金属炊具及器皿制作工,BELONGS_TO
6-19-01-05,6-19-01,日用五金制品制作工,BELONGS_TO
6-19-01-06,6-19-01,搪瓷制品制造工,BELONGS_TO
6-19-01-07,6-19-01,眼镜架制作工,BELONGS_TO
6-19-01-08,6-19-01,金箔制作工,BELONGS_TO
6-19-99,6-19,其他金属制品制造人员,BELONGS_TO
6-20-01,6-20,通用基础件装配制造人员,BELONGS_TO
6-20-01-01,6-20-01,装配钳工,BELONGS_TO
6-20-01-02,6-20-01,轴承制造工,BELONGS_TO
6-20-01-03,6-20-01,齿轮制造工,BELONGS_TO
6-20-01-04,6-20-01,减变速机装配调试工,BELONGS_TO
6-20-01-05,6-20-01,链传动部件制造工,BELONGS_TO
6-20-01-06,6-20-01,紧固件制造工,BELONGS_TO
6-20-01-07,6-20-01,弹簧工,BELONGS_TO
6-20-02,6-20,锅炉及原动设备制造人员,BELONGS_TO
6-20-02-01,6-20-02,锅炉设备制造工,BELONGS_TO
6-20-02-02,6-20-02,内燃机装配调试工,BELONGS_TO
6-20-02-03,6-20-02,汽轮机装配调试工,BELONGS_TO
6-20-02-04,6-20-02,风电机组制造工 L,BELONGS_TO
6-20-03,6-20,金属加工机械制造人员,BELONGS_TO
6-20-03-01,6-20-03,机床装调维修工,BELONGS_TO
6-20-03-02,6-20-03,焊接设备装配调试工,BELONGS_TO
6-20-03-03,6-20-03,焊接材料制造工,BELONGS_TO
6-20-04,6-20,物料搬运设备制造人员,BELONGS_TO
6-20-04-00,6-20-04,电梯装配调试工,BELONGS_TO
6-20-05,6-20,泵、阀门、压缩机及类似机械制造人员,BELONGS_TO
6-20-05-01,6-20-05,泵装配调试工,BELONGS_TO
6-20-05-02,6-20-05,真空设备装配调试工,BELONGS_TO
6-20-05-03,6-20-05,压缩机装配调试工,BELONGS_TO
6-20-05-04,6-20-05,风机装配调试工,BELONGS_TO
6-20-05-05,6-20-05,过滤与分离机械装配调试工,BELONGS_TO
6-20-05-06,6-20-05,气体分离设备装配调试工,BELONGS_TO
6-20-05-07,6-20-05,制冷空调设备装配工,BELONGS_TO
6-20-05-08,6-20-05,阀门装配调试工,BELONGS_TO
6-20-05-09,6-20-05,液压液力气动密封件制造工,BELONGS_TO
6-20-06,6-20,烘炉、衡器、水处理等设备制造人员,BELONGS_TO
6-20-06-01,6-20-06,工业炉及电炉装配工,BELONGS_TO
6-20-06-02,6-20-06,膜法水处理材料和设备制造工,BELONGS_TO
6-20-06-03,6-20-06,电渗析器制造工,BELONGS_TO
6-20-06-04,6-20-06,电动工具制造工,BELONGS_TO
6-20-06-05,6-20-06,衡器装配调试工,BELONGS_TO
6-20-07,6-20,文化办公机械制造人员,BELONGS_TO
6-20-07-01,6-20-07,电影电教设备制造工,BELONGS_TO
6-20-07-02,6-20-07,照相机及器材制造工,BELONGS_TO
6-20-07-03,6-20-07,复印设备制造工,BELONGS_TO
6-20-07-04,6-20-07,办公小机械制造工,BELONGS_TO
6-20-07-05,6-20-07,光学镜头制造工,BELONGS_TO
6-20-07-06,6-20-07,静电成像设备耗材制造工,BELONGS_TO
6-20-07-07,6-20-07,办公设备与耗材再制造工,BELONGS_TO
6-20-99,6-20,其他通用设备制造人员,BELONGS_TO
6-21-01,6-21,采矿、建筑专用设备制造人员,BELONGS_TO
6-21-01-01,6-21-01,矿用电机车装配工,BELONGS_TO
6-21-01-02,6-21-01,工程机械装配调试工,BELONGS_TO
6-21-02,6-21,印刷生产专用设备制造人员,BELONGS_TO
6-21-02-00,6-21-02,印刷设备装配调试工,BELONGS_TO
6-21-03,6-21,纺织服装和皮革加工专用设备制造人员,BELONGS_TO
6-21-03-00,6-21-03,缝制机械装配调试工,BELONGS_TO
6-21-04,6-21,电子专用设备装配调试人员,BELONGS_TO
6-21-04-01,6-21-04,电子专用设备装调工,BELONGS_TO
6-21-04-02,6-21-04,真空测试工,BELONGS_TO
6-21-05,6-21,农业机械制造人员,BELONGS_TO
6-21-05-01,6-21-05,拖拉机制造工,BELONGS_TO
6-21-05-02,6-21-05,耕种机械制造工,BELONGS_TO
6-21-05-03,6-21-05,灌溉机械制造工,BELONGS_TO
6-21-05-04,6-21-05,收获机械制造工,BELONGS_TO
6-21-06,6-21,医疗器械制品和康复辅具生产人员,BELONGS_TO
6-21-06-01,6-21-06,医疗器械装配工,BELONGS_TO
6-21-06-02,6-21-06,矫形器装配工,BELONGS_TO
6-21-06-03,6-21-06,假肢装配工,BELONGS_TO
6-21-06-04,6-21-06,医用材料产品生产工,BELONGS_TO
6-21-99,6-21,其他专用设备制造人员,BELONGS_TO
6-22-01,6-22,汽车零部件、饰件生产加工人员,BELONGS_TO
6-22-01-01,6-22-01,汽车生产线操作工,BELONGS_TO
6-22-01-02,6-22-01,汽车饰件制造工,BELONGS_TO
6-22-01-03,6-22-01,汽车零部件再制造工,BELONGS_TO
6-22-02,6-22,汽车整车制造人员,BELONGS_TO
6-22-02-01,6-22-02,汽车装调工,BELONGS_TO
6-22-02-02,6-22-02,汽车回收拆解工,BELONGS_TO
6-22-99,6-22,其他汽车制造人员,BELONGS_TO
6-23-01,6-23,轨道交通运输设备制造人员,BELONGS_TO
6-23-01-01,6-23-01,铁路机车制修工,BELONGS_TO
6-23-01-02,6-23-01,铁路车辆制修工,BELONGS_TO
6-23-01-03,6-23-01,动车组制修师,BELONGS_TO
6-23-01-04,6-23-01,铁路机车车辆制动钳工,BELONGS_TO
6-23-01-05,6-23-01,道岔钳工,BELONGS_TO
6-23-02,6-23,船舶制造人员,BELONGS_TO
6-23-02-01,6-23-02,金属船体制造工,BELONGS_TO
6-23-02-02,6-23-02,船舶机械装配工,BELONGS_TO
6-23-02-03,6-23-02,船舶电气装配工,BELONGS_TO
6-23-02-04,6-23-02,船舶附件制造工,BELONGS_TO
6-23-02-05,6-23-02,船舶木塑帆缆制造工,BELONGS_TO
6-23-02-06,6-23-02,拆船工,BELONGS_TO
6-23-03,6-23,航空产品装配、调试人员,BELONGS_TO
6-23-03-01,6-23-03,飞机装配工,BELONGS_TO
6-23-03-02,6-23-03,飞机系统安装调试工,BELONGS_TO
6-23-03-03,6-23-03,航空发动机装配工,BELONGS_TO
6-23-03-04,6-23-03,航空螺旋桨装配工,BELONGS_TO
6-23-03-05,6-23-03,航空电气安装调试工,BELONGS_TO
6-23-03-06,6-23-03,航空附件装配工,BELONGS_TO
6-23-03-07,6-23-03,航空仪表装配工,BELONGS_TO
6-23-03-08,6-23-03,航空装配平衡工,BELONGS_TO
6-23-03-09,6-23-03,飞机无线电设备安装调试工,BELONGS_TO
6-23-03-10,6-23-03,飞机雷达安装调试工,BELONGS_TO
6-23-03-11,6-23-03,飞机特种设备检测与修理工,BELONGS_TO
6-23-03-12,6-23-03,飞机透明件制造胶接装配工,BELONGS_TO
6-23-03-13,6-23-03,飞机外场调试与维护工,BELONGS_TO
6-23-03-14,6-23-03,航空环控救生装备工,BELONGS_TO
6-23-03-15,6-23-03,无人机装调检修工,BELONGS_TO
6-23-04,6-23,摩托车、自行车制造人员,BELONGS_TO
6-23-04-01,6-23-04,摩托车装调工,BELONGS_TO
6-23-04-02,6-23-04,自行车与电动自行车装配工,BELONGS_TO
6-23-99,6-23,其他铁路、船舶、航空设备制造人员,BELONGS_TO
6-24-01,6-24,电机制造人员,BELONGS_TO
6-24-01-00,6-24-01,电机制造工,BELONGS_TO
6-24-02,6-24,输配电及控制设备制造人员,BELONGS_TO
6-24-02-01,6-24-02,变压器互感器制造工,BELONGS_TO
6-24-02-02,6-24-02,高低压电器及成套设备装配工,BELONGS_TO
6-24-02-03,6-24-02,电力电容器及其装置制造工,BELONGS_TO
6-24-02-04,6-24-02,光伏组件制造工,BELONGS_TO
6-24-03,6-24,电线电缆、光纤光缆及电工器材制造人员,BELONGS_TO
6-24-03-01,6-24-03,电线电缆制造工,BELONGS_TO
6-24-03-02,6-24-03,光纤光缆制造工,BELONGS_TO
6-24-03-03,6-24-03,绝缘制品制造工,BELONGS_TO
6-24-03-04,6-24-03,电工合金电触头制造工,BELONGS_TO
6-24-03-05,6-24-03,电器附件制造工,BELONGS_TO
6-24-04,6-24,电池制造人员,BELONGS_TO
6-24-04-00,6-24-04,电池制造工,BELONGS_TO
6-24-05,6-24,家用电力器具制造人员,BELONGS_TO
6-24-05-01,6-24-05,家用电冰箱制造工,BELONGS_TO
6-24-05-02,6-24-05,空调器制造工,BELONGS_TO
6-24-05-03,6-24-05,洗衣机制造工,BELONGS_TO
6-24-05-04,6-24-05,小型家用电器制造工,BELONGS_TO
6-24-06,6-24,非电力家用器具制造人员,BELONGS_TO
6-24-06-00,6-24-06,燃气具制造工,BELONGS_TO
6-24-07,6-24,照明器具制造人员,BELONGS_TO
6-24-07-01,6-24-07,电光源制造工,BELONGS_TO
6-24-07-02,6-24-07,灯具制造工,BELONGS_TO
6-24-08,6-24,电气信号设备装置制造人员,BELONGS_TO
6-24-08-00,6-24-08,轨道交通通信信号设备制造工,BELONGS_TO
6-24-99,6-24,其他电气机械和器材制造人员,BELONGS_TO
6-25-01,6-25,电子元件制造人员,BELONGS_TO
6-25-01-01,6-25-01,电容器制造工,BELONGS_TO
6-25-01-02,6-25-01,电阻器制造工,BELONGS_TO
6-25-01-03,6-25-01,微波铁氧体元器件制造工,BELONGS_TO
6-25-01-04,6-25-01,石英晶体生长设备操作工,BELONGS_TO
6-25-01-05,6-25-01,压电石英晶片加工工,BELONGS_TO
6-25-01-06,6-25-01,石英晶体元器件制造工,BELONGS_TO
6-25-01-07,6-25-01,电声器件制造工,BELONGS_TO
6-25-01-08,6-25-01,水声换能器制造工,BELONGS_TO
6-25-01-09,6-25-01,继电器制造工,BELONGS_TO
6-25-01-10,6-25-01,高频电感器制造工,BELONGS_TO
6-25-01-11,6-25-01,电器接插件制造工,BELONGS_TO
6-25-01-12,6-25-01,电子产品制版工,BELONGS_TO
6-25-01-13,6-25-01,印制电路制作工,BELONGS_TO
6-25-01-14,6-25-01,薄膜加热器件制造工,BELONGS_TO
6-25-01-15,6-25-01,温差电器件制造工,BELONGS_TO
6-25-01-16,6-25-01,电子绝缘与介质材料制造工,BELONGS_TO
6-25-01-17,6-25-01,铁氧体磁体制造工,BELONGS_TO
6-25-02,6-25,电子器件制造人员,BELONGS_TO
6-25-02-01,6-25-02,真空电子器件零件制造及装调工,BELONGS_TO
6-25-02-02,6-25-02,电极丝制造工,BELONGS_TO
6-25-02-03,6-25-02,液晶显示器件制造工,BELONGS_TO
6-25-02-04,6-25-02,晶片加工工,BELONGS_TO
6-25-02-05,6-25-02,半导体芯片制造工,BELONGS_TO
6-25-02-06,6-25-02,半导体分立器件和集成电路装调工,BELONGS_TO
6-25-02-07,6-25-02,磁头制造工,BELONGS_TO
6-25-03,6-25,计算机制造人员,BELONGS_TO
6-25-03-00,6-25-03,计算机及外部设备装配调试员,BELONGS_TO
6-25-04,6-25,电子设备装配调试人员,BELONGS_TO
6-25-04-01,6-25-04,通信系统设备制造工,BELONGS_TO
6-25-04-02,6-25-04,通信终端设备制造工,BELONGS_TO
6-25-04-03,6-25-04,雷达装调工,BELONGS_TO
6-25-04-04,6-25-04,激光设备安装调试员,BELONGS_TO
6-25-04-05,6-25-04,智能硬件装调员,BELONGS_TO
6-25-04-06,6-25-04,电子设备机械装校工,BELONGS_TO
6-25-04-07,6-25-04,电子设备装接工,BELONGS_TO
6-25-04-08,6-25-04,电子设备调试工,BELONGS_TO
6-25-04-09,6-25-04,物联网安装调试员,BELONGS_TO
6-25-99,6-25,其他计算机、通信和其他电子设备制造人员,BELONGS_TO
6-26-01,6-26,仪器仪表装配人员,BELONGS_TO
6-26-01-01,6-26-01,仪器仪表制造工,BELONGS_TO
6-26-01-02,6-26-01,钟表及计时仪器制造工,BELONGS_TO
6-26-99,6-26,其他仪器仪表制造人员,BELONGS_TO
6-27-01,6-27,废料和碎屑加工处理人员,BELONGS_TO
6-27-01-00,6-27-01,再生物资加工处理工 L,BELONGS_TO
6-27-99,6-27,其他再生资源综合利用人员,BELONGS_TO
6-28-01,6-28,电力、热力生产和供应人员,BELONGS_TO
6-28-01-01,6-28-01,锅炉运行值班员,BELONGS_TO
6-28-01-02,6-28-01,燃料值班员,BELONGS_TO
6-28-01-03,6-28-01,汽轮机运行值班员,BELONGS_TO
6-28-01-04,6-28-01,燃气轮机值班员,BELONGS_TO
6-28-01-05,6-28-01,发电集控值班员,BELONGS_TO
6-28-01-06,6-28-01,电气值班员,BELONGS_TO
6-28-01-07,6-28-01,火电厂氢冷值班员,BELONGS_TO
6-28-01-08,6-28-01,余热余压利用系统操作工L,BELONGS_TO
6-28-01-09,6-28-01,水力发电运行值班员L,BELONGS_TO
6-28-01-10,6-28-01,光伏发电运维值班员L,BELONGS_TO
6-28-01-11,6-28-01,锅炉操作工,BELONGS_TO
6-28-01-12,6-28-01,风力发电运维值班员L,BELONGS_TO
6-28-01-13,6-28-01,供热管网系统运行工,BELONGS_TO
6-28-01-14,6-28-01,变配电运行值班员,BELONGS_TO
6-28-01-15,6-28-01,继电保护员,BELONGS_TO
6-28-02,6-28,气体生产、处理和输送人员,BELONGS_TO
6-28-02-01,6-28-02,燃气储运工,BELONGS_TO
6-28-02-02,6-28-02,气体深冷分离工,BELONGS_TO
6-28-02-03,6-28-02,工业气体生产工,BELONGS_TO
6-28-02-04,6-28-02,工业气体液化工,BELONGS_TO
6-28-02-05,6-28-02,工业废气治理工 L,BELONGS_TO
6-28-02-06,6-28-02,压缩机操作工,BELONGS_TO
6-28-02-07,6-28-02,风机操作工,BELONGS_TO
6-28-03,6-28,水生产、输排和水处理人员,BELONGS_TO
6-28-03-01,6-28-03,水生产处理工 L,BELONGS_TO
6-28-03-02,6-28-03,水供应输排工 L,BELONGS_TO
6-28-03-03,6-28-03,工业废水处理工 L,BELONGS_TO
6-28-03-04,6-28-03,司泵工,BELONGS_TO
6-28-03-05,6-28-03,管廊运维员 L,BELONGS_TO
6-28-99,6-28,其他电力、热力、气体、水生产和输配人员,BELONGS_TO
6-29-01,6-29,房屋建筑施工人员,BELONGS_TO
6-29-01-01,6-29-01,砌筑工,BELONGS_TO
6-29-01-02,6-29-01,石工,BELONGS_TO
6-29-01-03,6-29-01,混凝土工,BELONGS_TO
6-29-01-04,6-29-01,钢筋工,BELONGS_TO
6-29-01-05,6-29-01,架子工,BELONGS_TO
6-29-01-06,6-29-01,装配式建筑施工员,BELONGS_TO
6-29-01-07,6-29-01,乡村建设工程,BELONGS_TO
6-29-02,6-29,土木工程建筑施工人员,BELONGS_TO
6-29-02-01,6-29-02,铁路自轮运转设备工,BELONGS_TO
6-29-02-02,6-29-02,铁路线桥工,BELONGS_TO
6-29-02-03,6-29-02,筑路工,BELONGS_TO
6-29-02-04,6-29-02,公路养护工,BELONGS_TO
6-29-02-05,6-29-02,桥隧工,BELONGS_TO
6-29-02-06,6-29-02,凿岩工,BELONGS_TO
6-29-02-07,6-29-02,爆破工,BELONGS_TO
6-29-02-08,6-29-02,防水工,BELONGS_TO
6-29-02-09,6-29-02,水运工程施工工,BELONGS_TO
6-29-02-10,6-29-02,水工建构筑物维护检修工,BELONGS_TO
6-29-02-11,6-29-02,电力电缆安装运维工,BELONGS_TO
6-29-02-12,6-29-02,送配电线路工,BELONGS_TO
6-29-02-13,6-29-02,牵引电力线路安装维护工,BELONGS_TO
6-29-02-14,6-29-02,舟桥工,BELONGS_TO
6-29-02-15,6-29-02,管道工,BELONGS_TO
6-29-02-16,6-29-02,铁路综合维修工,BELONGS_TO
6-29-02-17,6-29-02,城市轨道交通检修工,BELONGS_TO
6-29-02-18,6-29-02,钢结构装配工,BELONGS_TO
6-29-03,6-29,建筑安装施工人员,BELONGS_TO
6-29-03-01,6-29-03,机械设备安装工,BELONGS_TO
6-29-03-02,6-29-03,电气设备安装工,BELONGS_TO
6-29-03-03,6-29-03,电梯安装维修工,BELONGS_TO
6-29-03-04,6-29-03,管工,BELONGS_TO
6-29-03-05,6-29-03,制冷空调系统安装维修工,BELONGS_TO
6-29-03-06,6-29-03,锅炉设备安装工,BELONGS_TO
6-29-03-07,6-29-03,发电设备安装工,BELONGS_TO
6-29-03-08,6-29-03,电力电气设备安装工,BELONGS_TO
6-29-03-09,6-29-03,轨道交通通信工,BELONGS_TO
6-29-03-10,6-29-03,轨道交通信号工,BELONGS_TO
6-29-04,6-29,建筑装饰人员,BELONGS_TO
6-29-04-01,6-29-04,装饰装修工,BELONGS_TO
6-29-04-02,6-29-04,建筑门窗幕墙安装工,BELONGS_TO
6-29-04-03,6-29-04,照明工程施工员,BELONGS_TO
6-29-05,6-29,古建筑修建人员,BELONGS_TO
6-29-05-00,6-29-05,古建筑工,BELONGS_TO
6-29-99,6-29,其他建筑施工人员,BELONGS_TO
6-30-01,6-30,专用车辆操作人员,BELONGS_TO
6-30-01-00,6-30-01,专用车辆驾驶员,BELONGS_TO
6-30-02,6-30,轨道交通运输机械设备操作人员,BELONGS_TO
6-30-02-01,6-30-02,铁路车站行车作业员,BELONGS_TO
6-30-02-02,6-30-02,铁路车站调车作业员,BELONGS_TO
6-30-02-03,6-30-02,机车调度值班员,BELONGS_TO
6-30-02-04,6-30-02,机车整备员,BELONGS_TO
6-30-02-05,6-30-02,救援机械操作员,BELONGS_TO
6-30-02-06,6-30-02,铁路试验检测设备维修工,BELONGS_TO
6-30-02-07,6-30-02,铁路电源工,BELONGS_TO
6-30-03,6-30,民用航空设备操作及有关人员,BELONGS_TO
6-30-03-01,6-30-03,航空通信导航监视员,BELONGS_TO
6-30-03-02,6-30-03,民航机场专用设备机务员,BELONGS_TO
6-30-03-03,6-30-03,航空油料员,BELONGS_TO
6-30-04,6-30,水上运输设备操作及有关人员,BELONGS_TO
6-30-04-01,6-30-04,船舶甲板设备操作工,BELONGS_TO
6-30-04-02,6-30-04,船舶机舱设备操作工,BELONGS_TO
6-30-04-03,6-30-04,船闸及升船机运管员,BELONGS_TO
6-30-04-04,6-30-04,潜水员,BELONGS_TO
6-30-05,6-30,通用工程机械操作人员,BELONGS_TO
6-30-05-01,6-30-05,起重装卸机械操作工,BELONGS_TO
6-30-05-02,6-30-05,起重工,BELONGS_TO
6-30-05-03,6-30-05,输送机操作工,BELONGS_TO
6-30-05-04,6-30-05,索道运输机械操作工,BELONGS_TO
6-30-05-05,6-30-05,挖掘铲运和桩工机械司机,BELONGS_TO
6-30-99,6-30,其他运输设备和通用工程机械操作人员及有关人员,BELONGS_TO
6-31-01,6-31,机械设备修理人员,BELONGS_TO
6-31-01-01,6-31-01,设备点检员,BELONGS_TO
6-31-01-02,6-31-01,机修钳工,BELONGS_TO
6-31-01-03,6-31-01,电工,BELONGS_TO
6-31-01-04,6-31-01,仪器仪表维修工,BELONGS_TO
6-31-01-05,6-31-01,锅炉设备检修工,BELONGS_TO
6-31-01-06,6-31-01,汽轮机和水轮机检修工,BELONGS_TO
6-31-01-07,6-31-01,电机检修工,BELONGS_TO
6-31-01-08,6-31-01,变电设备检修工,BELONGS_TO
6-31-01-09,6-31-01,工程机械维修工,BELONGS_TO
6-31-01-10,6-31-01,机电设备维修工,BELONGS_TO
6-31-02,6-31,船舶、航空器修理人员,BELONGS_TO
6-31-02-01,6-31-02,船舶修理工,BELONGS_TO
6-31-02-02,6-31-02,航空器机械维护员,BELONGS_TO
6-31-02-03,6-31-02,航空器部件修理工,BELONGS_TO
6-31-02-04,6-31-02,航空发动机修理工,BELONGS_TO
6-31-02-05,6-31-02,航空器外场维护员,BELONGS_TO
6-31-03,6-31,检验试验人员,BELONGS_TO
6-31-03-01,6-31-03,化学检验员,BELONGS_TO
6-31-03-02,6-31-03,物理性能检验员,BELONGS_TO
6-31-03-03,6-31-03,生化检验员,BELONGS_TO
6-31-03-04,6-31-03,无损检测员,BELONGS_TO
6-31-03-05,6-31-03,质检员,BELONGS_TO
6-31-03-06,6-31-03,试验员,BELONGS_TO
6-31-04,6-31,称重计量人员,BELONGS_TO
6-31-04-00,6-31-04,称重计量工,BELONGS_TO
6-31-05,6-31,包装人员,BELONGS_TO
6-31-05-00,6-31-05,包装工,BELONGS_TO
6-31-06,6-31,安全生产管理人员,BELONGS_TO
6-31-06-00,6-31-06,安全员,BELONGS_TO
6-31-07,6-31,工业机器人操作运维人员,BELONGS_TO
6-31-07-01,6-31-07,工业机器人系统运维员  S,BELONGS_TO
6-31-07-02,6-31-07,工业视觉系统运维员  S,BELONGS_TO
6-31-07-03,6-31-07,工业机器人系统操作员  S,BELONGS_TO
6-31-07-04,6-31-07,智能制造系统运维员 S,BELONGS_TO
6-31-07-05,6-31-07,智能网联汽车装调运维员 S,BELONGS_TO
6-31-99,6-31,其他生产辅助人员,BELONGS_TO
6-99-00,6-99,其他生产制造及有关人员,BELONGS_TO
7-01-00,7-01,军官(警官),BELONGS_TO
7-01-00-00,7-01-00,军官(警官),BELONGS_TO
7-02-00,7-02,军士(警士),BELONGS_TO
7-02-00-00,7-02-00,军士(警士),BELONGS_TO
7-03-00,7-03,义务兵,BELONGS_TO
7-03-00-00,7-03-00,义务兵,BELONGS_TO
7-04-00,7-04,文职人员,BELONGS_TO
7-04-00-00,7-04-00,文职人员,BELONGS_TO
8-00-00,8-00,不便分类的其他从业人员,BELONGS_TO
8-00-00-00,8-00-00,不便分类的其他从业人员,BELONGS_TO
