源编码,源名称,目标编码,目标名称,相似度得分,关系类型,LLM防坑口诀
5-05-99,其他农、林、牧、渔业生产辅助人员,5-99-00,其他农、林、牧、渔业生产及辅助人员,0.9827,POTENTIALLY_CONFUSED,名称极似，仅差一个‘及’字，范围涵盖重叠
6-20-99,其他通用设备制造人员,6-21-99,其他专用设备制造人员,0.9553,POTENTIALLY_CONFUSED,通用设备对大众，专用设备对特定行业
2-09-06-09,陈列展览设计人员,2-10-08-05,文物展陈专业人员,0.9499,POTENTIALLY_CONFUSED,A重设计安装，B重研究策划管理
2-02-30-11,供应链工程技术人员 S,4-02-06-05,供应链管理师S,0.9494,POTENTIALLY_CONFUSED,A建系统平台，B管运作流程。
2-02-02-07,地理信息系统工程技术人员 L/S,4-08-04-02,地理信息处理员L,0.9472,POTENTIALLY_CONFUSED,A侧重设计开发，B侧重数据录入维护。
2-10-08-01,考古专业人员,4-13-03-01,考古探掘工,0.9458,POTENTIALLY_CONFUSED,专业人员主导研究，探掘工执行具体挖掘
6-23-01-01,铁路机车制修工,6-30-02-06,铁路试验检测设备维修工,0.9457,POTENTIALLY_CONFUSED,A修机车本身，B修检测机车的设备
2-05-07-14,心理治疗技师,2-07-11-03,心理咨询师,0.9439,POTENTIALLY_CONFUSED,治疗侧重消除痛苦，咨询侧重分析疏解。
2-02-07-03,仪器仪表工程技术人员,6-31-01-04,仪器仪表维修工,0.9439,POTENTIALLY_CONFUSED,工程技术人员重研发设计，维修工重维护修理
2-02-15-04,水上救助打捞工程技术人员,4-02-03-04,水上救生员,0.9438,POTENTIALLY_CONFUSED,A侧重工程打捞，B侧重人命救助
3-01-99,其他行政办事及辅助人员,3-99-00,其他办事人员和有关人员,0.9427,POTENTIALLY_CONFUSED,均属兜底项，范围重叠且定义模糊
2-02-38-07,虚拟现实工程技术人员 S,4-04-05-11,虚拟现实产品设计师 S,0.9421,POTENTIALLY_CONFUSED,工程技术人员重开发维护，设计师重内容建模
2-06-12-09,版权运营专业人员,4-13-01-09,版权经纪人,0.9414,POTENTIALLY_CONFUSED,运营侧重资产管理，经纪侧重交易代理。
6-21-05-01,拖拉机制造工,6-22-01-01,汽车生产线操作工,0.9413,POTENTIALLY_CONFUSED,看产品：拖拉机对汽车，工艺流程几乎一致
2-03-06-01,兽医,5-05-02-03,动物疫病防治员,0.9407,POTENTIALLY_CONFUSED,兽医主导诊疗检疫，防治员主攻执行免疫
6-09-03-03,陶瓷工艺品制作师,6-15-05-04,陶瓷装饰工,0.9398,POTENTIALLY_CONFUSED,制作师含成型，装饰工仅限表面装饰
5-01-99,其他农业生产人员,5-03-99,其他畜牧业生产人员,0.9397,POTENTIALLY_CONFUSED,农业指种植，畜牧业指养殖。
6-24-01-00,电机制造工,6-31-01-07,电机检修工,0.9384,POTENTIALLY_CONFUSED,制造是做新机，检修是修旧机。
6-21-04,电子专用设备装配调试人员,6-25-04,电子设备装配调试人员,0.9369,POTENTIALLY_CONFUSED,专用设备指设备本身，电子设备指产品
6-21-99,其他专用设备制造人员,6-26-99,其他仪器仪表制造人员,0.9361,POTENTIALLY_CONFUSED,设备重制造，仪表重精密测量。
2-10-08-01,考古专业人员,4-13-03,考古及文物保护作业人员,0.935,POTENTIALLY_CONFUSED,专业人员主导研究，作业人员执行操作。
2-02-99,其他工程技术人员,2-99-00,其他专业技术人员,0.9331,POTENTIALLY_CONFUSED,工程技术人员侧重工程，专业技术人员范围更广
2-05-99,其他卫生专业技术人员,2-99-00,其他专业技术人员,0.9329,POTENTIALLY_CONFUSED,A是卫生领域，B是全行业通用。
6-21-01-02,工程机械装配调试工,6-31-01-09,工程机械维修工,0.9316,POTENTIALLY_CONFUSED,装配是新机出厂，维修是旧机修复。
2-02-20-11,园林植物保护工程技术人员 L,2-03-03-00,植物保护技术人员 L,0.9311,POTENTIALLY_CONFUSED,A专攻园林景观，B涵盖农业及全类植物。
4-01-05-03,出版物发行员,4-02-07-05,报刊业务员,0.9308,POTENTIALLY_CONFUSED,A侧重全渠道发行，B侧重报刊零售分发。
2-02-02-04,地图制图工程技术人员S,4-08-03-03,地图绘制员,0.9301,POTENTIALLY_CONFUSED,工程技术人员重设计研发，绘制员重操作执行
5-01-99,其他农业生产人员,5-99-00,其他农、林、牧、渔业生产及辅助人员,0.9295,POTENTIALLY_CONFUSED,A仅限农业，B涵盖农林牧渔全行业。
4-02-02-01,客运车辆驾驶员L,4-10-08-02,汽车代驾员,0.9294,POTENTIALLY_CONFUSED,客运运营运车，代驾开私家车。
6-15-08-01,人工合成晶体工,6-25-02-04,晶片加工工,0.9293,POTENTIALLY_CONFUSED,A合成晶体器件，B生长晶锭切晶片
2-03-06-01,兽医,5-05-02-04,动物检疫检验员,0.9292,POTENTIALLY_CONFUSED,兽医治病，检疫员查病出证。
6-23-03,航空产品装配、调试人员,6-31-02-03,航空器部件修理工,0.9292,POTENTIALLY_CONFUSED,装配侧重于新产品组装，修理侧重于维护修复。
6-25-04-02,通信终端设备制造工,6-26-01-01,仪器仪表制造工,0.9284,POTENTIALLY_CONFUSED,A造通信终端，B造通用仪器仪表
7-01-00-00,军官(警官),7-02-00-00,军士(警士),0.9281,POTENTIALLY_CONFUSED,官是管理层，士是执行层。
7-01-00,军官(警官),7-02-00-00,军士(警士),0.9281,POTENTIALLY_CONFUSED,官是管理层，士是执行层。
3-01-02-04,收发员,4-02-07,邮政和快递服务人员,0.9268,POTENTIALLY_CONFUSED,收发员对内传递，邮政快递对外服务
6-20-02-03,汽轮机装配调试工,6-31-01-06,汽轮机和水轮机检修工,0.9267,POTENTIALLY_CONFUSED,装配侧重于新机制造，检修侧重于维护修复。
2-02-16-01,民用航空器维修与适航工程技术人员,6-31-02,船舶、航空器修理人员,0.9239,POTENTIALLY_CONFUSED,A为工程技术研发，B为基础维修操作
2-06-07-09,拍卖师,4-07-01-02,拍卖服务师,0.9237,POTENTIALLY_CONFUSED,拍卖师主导拍卖，服务师负责运营支持。
2-09-06-06,工艺美术专业人员,6-09-03,工艺美术品制造人员,0.9234,POTENTIALLY_CONFUSED,A为设计研发，B为具体制作执行
6-04-99,其他纺织、针织、印染人员,6-05-99,其他纺织品、服装和皮革、毛皮制品加工制作人员,0.9227,POTENTIALLY_CONFUSED,A为原材料生产，B为成品加工。
6-21-99,其他专用设备制造人员,6-24-99,其他电气机械和器材制造人员,0.9225,POTENTIALLY_CONFUSED,专用设备看功能，电气器材看电力。
4-02-07-07,邮政市场业务员,4-04-01-02,信息通信业务员,0.9223,POTENTIALLY_CONFUSED,邮政侧重实物寄递，通信侧重网络服务。
5-01-99,其他农业生产人员,5-05-99,其他农、林、牧、渔业生产辅助人员,0.9218,POTENTIALLY_CONFUSED,生产人员主攻生产，辅助人员主攻辅助。
2-02-02-05,海洋测绘工程技术人员 L/S,4-08-03-06,海洋测绘员L/S,0.9218,POTENTIALLY_CONFUSED,技术人员重设计研究，测绘员重操作执行
2-05-08,护理人员,4-14-01,医疗辅助服务人员,0.9215,POTENTIALLY_CONFUSED,护理人员主导护理，辅助人员侧重病案管理
6-31-99,其他生产辅助人员,6-99-00,其他生产制造及有关人员,0.9207,POTENTIALLY_CONFUSED,辅助人员在制造人员的大类之中
6-09-04-03,健身器材制作工,6-19-01-01,工具五金制作工,0.9202,POTENTIALLY_CONFUSED,A做健身器材，B做通用五金工具。
6-23-03-03,航空发动机装配工,6-31-02-04,航空发动机修理工,0.9201,POTENTIALLY_CONFUSED,装配与修理职责高度重合，极易混淆。
2-02-31-01,产品质量检验工程技术人员,6-31-03,检验试验人员,0.92,POTENTIALLY_CONFUSED,工程技术员定标准，检验员执行检测。
6-11-01-04,制冷工,6-29-03-05,制冷空调系统安装维修工,0.9196,POTENTIALLY_CONFUSED,A是操作运行，B是安装维修。
1-03-00,民主党派和工商联负责人,1-04-01,人民团体和群众团体负责人,0.9188,POTENTIALLY_CONFUSED,民主党派看党派，人民团体看工青妇
2-02-20-06,森林保护工程技术人员 L,5-05-02-02,林业有害生物防治员L,0.9187,POTENTIALLY_CONFUSED,A为研发管理，B为一线操作
1-03-00,民主党派和工商联负责人,1-04-01-04,其他人民团体和群众团体负责人,0.9187,POTENTIALLY_CONFUSED,民主党派/工商联 vs 其他人民群众团体
2-02-12-03,变电工程技术人员 L,6-31-01-08,变电设备检修工,0.9186,POTENTIALLY_CONFUSED,技术人员管规划设计，检修工管动手拆装
6-26-01-01,仪器仪表制造工,6-31-01-04,仪器仪表维修工,0.9169,POTENTIALLY_CONFUSED,制造重在组装生产，维修重在故障排除。
5-03-99,其他畜牧业生产人员,5-99-00,其他农、林、牧、渔业生产及辅助人员,0.9169,POTENTIALLY_CONFUSED,A仅限畜牧，B涵盖农林牧渔全行业
2-02-28-01,安全技术防范工程技术人员,4-07-05-04,安全防范系统安装维护员,0.9162,POTENTIALLY_CONFUSED,技术人员搞规划设计，维护员搞安装维修。
2-03-07-02,草业技术人员,4-09-10-02,草坪园艺师,0.916,POTENTIALLY_CONFUSED,技术人员重研发保护，园艺师重建植养护
6-23-03-13,飞机外场调试与维护工,6-31-02-05,航空器外场维护员,0.9156,POTENTIALLY_CONFUSED,名称相近且职责描述几乎完全一致
2-03-06-03,宠物医师,4-10-07-01,宠物健康护理员,0.9154,POTENTIALLY_CONFUSED,医师诊疗开药，护理员养护管理。
2-04-02-02,轮机部技术人员,6-30-04-02,船舶机舱设备操作工,0.9154,POTENTIALLY_CONFUSED,技术人员偏管理协调，操作工偏执行维护
6-01-99,其他农副产品加工人员,6-02-99,其他食品、饮料生产加工人员,0.9148,POTENTIALLY_CONFUSED,农副产品侧重原材，食品饮料侧重成品。
5-03-99,其他畜牧业生产人员,5-05-99,其他农、林、牧、渔业生产辅助人员,0.9139,POTENTIALLY_CONFUSED,生产人员主导生产，辅助人员负责辅助。
6-24-99,其他电气机械和器材制造人员,6-26-99,其他仪器仪表制造人员,0.9138,POTENTIALLY_CONFUSED,电气看功率/动力，仪表看精度/测量。
6-20-99,其他通用设备制造人员,6-24-99,其他电气机械和器材制造人员,0.9137,POTENTIALLY_CONFUSED,通用设备看机械，电气器材看电路。
2-06-07-07,医药代表,4-01-05-02,医药商品购销员,0.9135,POTENTIALLY_CONFUSED,代表主攻学术推广，购销员主攻贸易流通
5-04-99,其他渔业生产人员,5-99-00,其他农、林、牧、渔业生产及辅助人员,0.9131,POTENTIALLY_CONFUSED,A仅限渔业，B涵盖农林牧渔全行业
4-01-02-01,营销员,4-02-07-07,邮政市场业务员,0.9128,POTENTIALLY_CONFUSED,通用营销对全行业，邮政业务员专攻邮政
2-06-11-07,基金专业人员,4-05-05,信托和资产管理服务人员,0.911,POTENTIALLY_CONFUSED,基金重投资运作，信托重资产托管管理。
2-10-08,考古及文物保护专业人员,4-13-03,考古及文物保护作业人员,0.911,POTENTIALLY_CONFUSED,专业人员重研究，作业人员重实操。
1-01-00-01,中国共产党机关负责人,1-02-03,人民政府机关负责人,0.9109,POTENTIALLY_CONFUSED,党政分开：党机关管党务，政机关管政务。
1-01-00,中国共产党机关负责人,1-02-03,人民政府机关负责人,0.9109,POTENTIALLY_CONFUSED,党政分开：党机关管党务，政机关管政务。
6-01-03,制糖人员,6-02-02,糖制品加工人员,0.9107,POTENTIALLY_CONFUSED,制糖产原糖，糖制品做糖果。
5-04-99,其他渔业生产人员,5-05-99,其他农、林、牧、渔业生产辅助人员,0.9107,POTENTIALLY_CONFUSED,生产人员主责生产，辅助人员主责辅助。
6-18-01-02,铣工,6-20-01-03,齿轮制造工,0.9106,POTENTIALLY_CONFUSED,铣工加工平面曲面，齿轮工专攻齿形。
5-02-99,其他林业生产人员,5-99-00,其他农、林、牧、渔业生产及辅助人员,0.9103,POTENTIALLY_CONFUSED,A仅限林业，B涵盖农林牧渔全行业
5-05-06-01,园艺产品加工工,6-01-06-00,果蔬坚果加工工,0.9099,POTENTIALLY_CONFUSED,园艺侧重初加工，果蔬坚果侧重深加工
5-02-99,其他林业生产人员,5-05-99,其他农、林、牧、渔业生产辅助人员,0.9098,POTENTIALLY_CONFUSED,生产人员主业，辅助人员主辅。
2-02-02-01,大地测量工程技术人员 L/S,4-08-03-01,大地测量员L/S,0.9096,POTENTIALLY_CONFUSED,技术人员重设计处理，测量员重外业操作
2-03-09,农业工程技术人员,5-05-05,农机化服务人员,0.9094,POTENTIALLY_CONFUSED,技术人员搞研发设计，服务人员搞操作维修
2-06-08-02,人力资源服务专业人员,4-07-03,人力资源服务人员,0.9093,POTENTIALLY_CONFUSED,专业人员侧重第三方服务，服务人员含企业内部
3-01-03-02,劳动人事争议仲裁员,3-03-01-03,调解员,0.9093,POTENTIALLY_CONFUSED,仲裁员能裁决，调解员仅能调解。
2-03-99,其他农业技术人员,5-01-99,其他农业生产人员,0.9093,POTENTIALLY_CONFUSED,技术人员重研发管理，生产人员重体力劳动
2-09-04-03,美工师,4-07-07-02,装饰美工,0.9075,POTENTIALLY_CONFUSED,A是舞台造型设计，B是物料制作执行
7-01-00,军官(警官),7-02-00,军士(警士),0.9073,POTENTIALLY_CONFUSED,官为指挥管理，士为执行操作。
7-01-00-00,军官(警官),7-02-00,军士(警士),0.9073,POTENTIALLY_CONFUSED,官为指挥管理，士为执行操作。
2-02-16,民用航空工程技术人员,6-31-02,船舶、航空器修理人员,0.9069,POTENTIALLY_CONFUSED,A侧重工程技术，B侧重具体修理维护。
6-23-03,航空产品装配、调试人员,6-31-02-04,航空发动机修理工,0.9063,POTENTIALLY_CONFUSED,装配调试侧重新造，修理工侧重维护修复
6-18-02-02,锻造工,6-20-01-06,紧固件制造工,0.906,POTENTIALLY_CONFUSED,锻造工做大件成型，紧固件工专攻螺丝螺母。
6-10-01-08,石油产品精制工,6-11-02-12,芳香烃生产工,0.9049,POTENTIALLY_CONFUSED,A精制成品油，B生产芳香烃
6-09-04-03,健身器材制作工,6-19-01-05,日用五金制品制作工,0.9046,POTENTIALLY_CONFUSED,健身器材看组装调试，日用五金看多样化小件
2-09-99,其他文学艺术、体育专业人员,2-10-99,其他新闻出版、文化专业人员,0.9045,POTENTIALLY_CONFUSED,文学艺术看创作，新闻出版看传播。
2-03-02-00,农业技术指导人员,5-05-01-01,农业技术员,0.9039,POTENTIALLY_CONFUSED,指导人员偏咨询培训，技术员偏现场示范
4-01-02-01,营销员,4-04-01-02,信息通信业务员,0.9031,POTENTIALLY_CONFUSED,A是通用营销，B是通信行业专项营销
1-01-00-02,中国共产党基层组织负责人,1-05-00,基层群众自治组织负责人,0.9029,POTENTIALLY_CONFUSED,党组织管党务，群众组织管村居政务。
2-02-02-03,摄影测量与遥感工程技术人员 L/S,4-08-03-02,摄影测量员L/S,0.9019,POTENTIALLY_CONFUSED,工程技术人员重管理指导，测量员重实操执行
6-17-09-05,金属材热处理工,6-18-02-03,金属热处理工,0.9013,POTENTIALLY_CONFUSED,材工侧重板卷连续处理，工工侧重单件加工
2-02-10-07,信息安全工程技术人员 S,4-04-04-06,密码技术应用员S,0.9012,POTENTIALLY_CONFUSED,A侧重综合安全，B专注密码技术应用。
6-10-99,其他石油加工和炼焦、煤化工生产人员,6-11-99,其他化学原料和化学制品制造人员,0.9005,POTENTIALLY_CONFUSED,石油煤化工看能源，通用化学看原料。
6-02-05-01,味精制造工,6-12-05-02,发酵工程制药工,0.9004,POTENTIALLY_CONFUSED,味精产食品，制药工产药品，看产出物。
2-01-06-06,地球科学研究人员,2-02-01,地质勘探工程技术人员,0.9002,POTENTIALLY_CONFUSED,研究员重理论研究，勘探员重资源定位
2-02-30-03,战略规划与管理工程技术人员,2-06-01-01,经济规划专业人员,0.8998,POTENTIALLY_CONFUSED,A侧重工程技术与流程，B侧重经营资金计划
2-02-35-01,矫形器师,6-21-06,医疗器械制品和康复辅具生产人员,0.8997,POTENTIALLY_CONFUSED,A设计适配，B负责生产装配。
4-10-99,其他居民服务人员,4-99-00,其他社会生产服务和生活服务人员,0.8996,POTENTIALLY_CONFUSED,居民服务侧重家庭，社会服务范围更广。
3-02-03-07,森林火情瞭望观察员L,5-02-03-01,护林员 L,0.8992,POTENTIALLY_CONFUSED,瞭望员重监控侦察，护林员重巡护保护
6-29-03-02,电气设备安装工,6-31-01-10,机电设备维修工,0.8984,POTENTIALLY_CONFUSED,安装重在初次部署，维修重在运行维护。
6-21-05-02,耕种机械制造工,6-22-01-01,汽车生产线操作工,0.8976,POTENTIALLY_CONFUSED,看产品：耕种机械对比汽车
2-10-08-03,可移动文物保护专业人员,4-13-03-02,文物修复师,0.8974,POTENTIALLY_CONFUSED,A侧重研究方案，B侧重动手修复。
6-22-99,其他汽车制造人员,6-99-00,其他生产制造及有关人员,0.8965,POTENTIALLY_CONFUSED,A属汽车行业，B属全行业通用。
2-02-34-01,产品设计工程技术人员,4-08-08-26,工业设计工艺师S,0.896,POTENTIALLY_CONFUSED,A侧重创意造型，B侧重技术实现与验证
1-01-00-01,中国共产党机关负责人,1-02-02,国家行政机关负责人,0.8958,POTENTIALLY_CONFUSED,党政分开：党机关管党务，行政机关管政务。
1-01-00,中国共产党机关负责人,1-02-02,国家行政机关负责人,0.8958,POTENTIALLY_CONFUSED,党政分开：党机关管党务，行政机关管政务。
6-17-09-04,金属材涂层机组操作工,6-18-03-03,涂装工,0.8933,POTENTIALLY_CONFUSED,A为连续机组大卷材，B为离散工件喷涂
2-02-30-05,再生资源工程技术人员 L,4-01-04,再生物资回收人员,0.8932,POTENTIALLY_CONFUSED,A是研发设计，B是体力回收。
2-02-10-08,信息系统运行维护工程技术人员 S,4-04-05-09,信息系统适配验证师S,0.8931,POTENTIALLY_CONFUSED,A重运行维护，B重异构适配验证
2-02-06-03,化工生产工程技术人员,4-08-10-02,化工生产现场技术员,0.893,POTENTIALLY_CONFUSED,工程技术人员偏向规程制定，现场技术员偏向实操管控
6-24-08,电气信号设备装置制造人员,6-29-03-10,轨道交通信号工,0.8929,POTENTIALLY_CONFUSED,A制造设备，B安装维护设备。
2-02-01,地质勘探工程技术人员,4-08-07,地质勘查人员,0.8928,POTENTIALLY_CONFUSED,勘探侧重工程开发，勘查侧重调查评价。
2-02-20-03,园林绿化工程技术人员 L,4-09-10-01,园林绿化工 L,0.8928,POTENTIALLY_CONFUSED,技术人员重规划设计，工人重施工养护。
6-24-08-00,轨道交通通信信号设备制造工,6-29-03-10,轨道交通信号工,0.8926,POTENTIALLY_CONFUSED,制造工在工厂组装，信号工在现场施工。
2-02-30-05,再生资源工程技术人员 L,6-27-01-00,再生物资加工处理工 L,0.8916,POTENTIALLY_CONFUSED,A是研发设计，B是操作执行。
6-11-07,合成橡胶生产人员,6-14-01,橡胶制品生产人员,0.8915,POTENTIALLY_CONFUSED,A产橡胶原料，B用橡胶做产品。
2-02-36-05,塑料加工工程技术人员,6-14-02,塑料制品加工人员,0.8915,POTENTIALLY_CONFUSED,技术人员搞研发设计，加工人员搞操作生产
6-09-01-07,墨水墨汁制造工,6-11-05-03,颜料生产工,0.8913,POTENTIALLY_CONFUSED,A制成品(墨水)，B制原料(颜料)
6-23-01,轨道交通运输设备制造人员,6-30-02,轨道交通运输机械设备操作人员,0.8908,POTENTIALLY_CONFUSED,A造设备，B用设备
2-06-12-05,版权专业人员,4-13-01-09,版权经纪人,0.8906,POTENTIALLY_CONFUSED,专业人员偏指导与管理，经纪人偏执行与代理
2-03-08,水产技术人员,5-04-02,水产养殖人员,0.8905,POTENTIALLY_CONFUSED,技术人员重研发开发，养殖人员重饲养管理。
5-05-05-02,农机修理工,6-31-01-02,机修钳工,0.8902,POTENTIALLY_CONFUSED,农机修农机，钳工修通用设备
2-02-27-07,碳管理工程技术人员 L,4-09-07-04,碳排放管理员L,0.8902,POTENTIALLY_CONFUSED,A侧重战略研发设计，B侧重监测核算交易
6-10-01-05,石脑油加工工,6-11-02-11,脂肪烃生产工,0.89,POTENTIALLY_CONFUSED,A产芳烃/汽油，B产烷烯炔烃
2-05-07-02,口腔修复技师,4-14-03-02,口腔修复体制作师,0.8897,POTENTIALLY_CONFUSED,A含诊疗科普，B纯粹是制作加工。
2-03-08-01,水产养殖技术人员,5-04-02-01,水生动物饲养工,0.8897,POTENTIALLY_CONFUSED,技术人员搞研发推广，饲养工负责具体操作。
2-10-08,考古及文物保护专业人员,4-13-03-02,文物修复师,0.889,POTENTIALLY_CONFUSED,A是综合研究与管理，B是具体修复操作。
2-03-02,农业技术指导人员,5-05-01,农业生产服务人员,0.8889,POTENTIALLY_CONFUSED,指导人员偏咨询开发，服务人员偏实操服务
6-18-04-06,工具钳工,6-20-01-01,装配钳工,0.8885,POTENTIALLY_CONFUSED,工具钳工造模具，装配钳工组零件
2-06-07-11,经纪与代理专业人员,4-01-03-04,二手车经纪人,0.8878,POTENTIALLY_CONFUSED,A是通用类，B是二手车专项类。
2-02-31-05,纤维质量检验工程技术人员,4-08-05-02,纤维检验员,0.8877,POTENTIALLY_CONFUSED,工程技术人员重研发标准，检验员重执行检验
2-03-09-00,农业工程技术人员,5-05-05,农机化服务人员,0.8876,POTENTIALLY_CONFUSED,技术人员搞规划设计，服务人员搞操作维修
2-02-07,机械工程技术人员,6-26-01-01,仪器仪表制造工,0.887,POTENTIALLY_CONFUSED,技术人员重设计管理，制造工重动手装配。
2-06-08,人力资源专业人员,4-07-03,人力资源服务人员,0.887,POTENTIALLY_CONFUSED,专业人员偏向规划管理，服务人员偏向执行操作。
6-15-06-01,耐火原料加工成型工,6-18-04-03,磨料制造工,0.8868,POTENTIALLY_CONFUSED,耐火看成型，磨料看提纯检测
6-20-05-07,制冷空调设备装配工,6-29-03-05,制冷空调系统安装维修工,0.8867,POTENTIALLY_CONFUSED,装配工在工厂造设备，安装维修工在现场装系统
2-02-01-04,地质矿产调查工程技术人员,4-08-07,地质勘查人员,0.886,POTENTIALLY_CONFUSED,A侧重工程技术与标准，B侧重基础地质调查。
3-01-03-02,劳动人事争议仲裁员,3-03-01-01,仲裁员,0.8859,POTENTIALLY_CONFUSED,A专攻劳动人事，B涵盖民商事纠纷。
6-11-08-10,有机硅生产工,6-17-08-02,多晶硅制取工,0.8857,POTENTIALLY_CONFUSED,有机硅产产品，多晶硅制高纯硅
4-08-02,海洋服务人员,4-09-02,水文服务人员,0.8857,POTENTIALLY_CONFUSED,海洋看海，水文看河湖。
1-01-00-01,中国共产党机关负责人,1-02-04-00,监察机关负责人,0.8855,POTENTIALLY_CONFUSED,党机关管党务，监察机关管监督。
1-01-00,中国共产党机关负责人,1-02-04,监察机关负责人,0.8855,POTENTIALLY_CONFUSED,党机关管党务，监察机关管监督。
1-01-00,中国共产党机关负责人,1-02-04-00,监察机关负责人,0.8855,POTENTIALLY_CONFUSED,党机关管党务，监察机关管监督。
1-01-00-01,中国共产党机关负责人,1-02-04,监察机关负责人,0.8855,POTENTIALLY_CONFUSED,党机关管党务，监察机关管监督。
2-02-18-02,土木建筑工程技术人员,6-29-01-06,装配式建筑施工员,0.8852,POTENTIALLY_CONFUSED,A是综合管理，B是专项安装。
2-03-03-00,植物保护技术人员 L,4-09-09-00,有害生物防制员L,0.8851,POTENTIALLY_CONFUSED,A护植物，B除害虫
2-05-05-03,公共卫生医师,4-14-04-03,公共场所卫生管理员,0.8845,POTENTIALLY_CONFUSED,医师侧重专业监测评价，管理员侧重制度管理
2-02-02-02,工程测量工程技术人员 S,4-08-03-04,工程测量员 S,0.884,POTENTIALLY_CONFUSED,技术人员重设计组织，测量员重仪器操作
2-06-08-01,人力资源管理专业人员,4-07-03-04,企业人力资源管理师,0.8839,POTENTIALLY_CONFUSED,职责高度重合，仅为称谓差异。
2-05-07-09,消毒技师,4-14-04-02,消毒员,0.8831,POTENTIALLY_CONFUSED,技师侧重监测指导，员侧重执行操作。
6-20-02-03,汽轮机装配调试工,6-29-03-07,发电设备安装工,0.8829,POTENTIALLY_CONFUSED,A专攻汽轮机装配，B涵盖全类发电设备安装
4-14-99,其他健康、体育和休闲服务人员,4-99-00,其他社会生产服务和生活服务人员,0.8828,POTENTIALLY_CONFUSED,健康休闲看身体，社会生活看综合。
6-18-01-04,磨工,6-20-01-03,齿轮制造工,0.8825,POTENTIALLY_CONFUSED,磨工主磨表面，齿轮工主切齿形。
6-09-03-03,陶瓷工艺品制作师,6-15-05-02,陶瓷成型施釉工,0.8821,POTENTIALLY_CONFUSED,制作师重彩绘雕塑，成型工重机械施釉
4-08-02-03,海洋水文调查员L,4-09-02-01,水文勘测工,0.882,POTENTIALLY_CONFUSED,A海测温盐深，B水测流量泥沙
2-02-22-01,海洋调查与监测工程技术人员 L/S,4-08-03-06,海洋测绘员L/S,0.882,POTENTIALLY_CONFUSED,调查监测重环境，测绘重水深海图。
6-26-01-01,仪器仪表制造工,6-29-03-02,电气设备安装工,0.882,POTENTIALLY_CONFUSED,A造仪表，B装设备
2-02-34-02,工业设计工程技术人员 S,4-08-08-26,工业设计工艺师S,0.8816,POTENTIALLY_CONFUSED,A侧重工程实现，B侧重方案设计
2-06-11,证券期货基金专业人员,4-05-02,证券期货服务人员,0.8813,POTENTIALLY_CONFUSED,专业人员做交易销售，服务人员做中介支撑
2-02-29-02,计量工程技术人员,4-08-05-06,计量员,0.8807,POTENTIALLY_CONFUSED,技术人员管标准，计量员做执行。
2-09-03,电影电视制作专业人员,4-13-02,广播、电视、电影和影视录音制作人员,0.8806,POTENTIALLY_CONFUSED,A侧重制作发行，B侧重内容播出。
6-17-09-10,铸轧工,6-18-02-01,铸造工,0.8804,POTENTIALLY_CONFUSED,铸轧是铸造+轧制，铸造仅是浇注成型
6-15-01-06,预拌混凝土生产工,6-29-01-03,混凝土工,0.88,POTENTIALLY_CONFUSED,预拌在工厂产，混凝土工在现场浇
2-02-34-01,产品设计工程技术人员,4-08-08-13,陶瓷产品设计师,0.8797,POTENTIALLY_CONFUSED,A是全行业通用设计，B是陶瓷专项设计
2-06-99,其他经济和金融专业人员,4-05-99,其他金融服务人员,0.8792,POTENTIALLY_CONFUSED,专业人员看资质，服务人员看操作。
2-06-07-10,物业经营管理专业人员,4-06-01,物业管理服务人员,0.879,POTENTIALLY_CONFUSED,管理人员管经营，服务人员管维护。
2-02-20-02,森林培育工程技术人员 L,5-02-02,营造林人员,0.8789,POTENTIALLY_CONFUSED,A侧重技术研发与管理，B侧重一线执行。
2-02-10-08,信息系统运行维护工程技术人员 S,4-04-04-02,网络与信息安全管理员S,0.8787,POTENTIALLY_CONFUSED,A侧重系统运维，B侧重安全防护与审计
6-20-02-01,锅炉设备制造工,6-29-03-06,锅炉设备安装工,0.8783,POTENTIALLY_CONFUSED,制造是做锅炉，安装是把锅炉装好。
6-11-08-15,橡胶生产工,6-14-01-01,橡胶制品生产工,0.8783,POTENTIALLY_CONFUSED,A产橡胶原料，B用橡胶造制品
2-07-09-00,法律顾问,3-01-04-05,基层法律服务工作者,0.8782,POTENTIALLY_CONFUSED,顾问在单位内部，服务者在所里执业
2-02-10-08,信息系统运行维护工程技术人员 S,4-04-04-06,密码技术应用员S,0.8781,POTENTIALLY_CONFUSED,A侧重通用运维，B侧重密码安全专项。
2-06-06,资产和资源评估专业人员,4-05-05-02,资产管理师,0.878,POTENTIALLY_CONFUSED,评估看价值，管理看运营。
2-05-06-01,药师,4-14-01-01,医疗临床辅助服务员,0.8777,POTENTIALLY_CONFUSED,药师重专业药学指导，辅助员重基础调配
2-02-20-03,园林绿化工程技术人员 L,2-03-04-00,园艺技术人员 L,0.8776,POTENTIALLY_CONFUSED,绿化重工程施工，园艺重育种研发
6-29-03-02,电气设备安装工,6-31-01-04,仪器仪表维修工,0.8775,POTENTIALLY_CONFUSED,A重安装敷设，B重维护修理
6-04-06-02,纺织染色工,6-11-05-04,染料生产工,0.8772,POTENTIALLY_CONFUSED,A染布，B造染料
4-02-03-04,水上救生员,4-14-05-03,游泳救生员,0.877,POTENTIALLY_CONFUSED,水上救生员偏向抢险，游泳救生员偏向看护。
5-01-01,作物种子(苗)繁育生产人员,5-02-01,林草种苗繁育人员,0.8764,POTENTIALLY_CONFUSED,A为农牧园艺，B为林草苗木。
4-09-99,其他水利、环境和公共设施管理服务人员,4-11-99,其他电力、燃气及水供应服务人员,0.8762,POTENTIALLY_CONFUSED,A管设施管理，B供电燃气水服务
6-17-03-02,铸管工,6-18-02-01,铸造工,0.876,POTENTIALLY_CONFUSED,铸管专注管材，铸造涵盖全类铸件。
6-04-02-01,纺纱工,6-13-02-01,纺丝工,0.8755,POTENTIALLY_CONFUSED,纺纱是加工纤维，纺丝是化学合成。
6-24-08-00,轨道交通通信信号设备制造工,6-29-03-09,轨道交通通信工,0.8749,POTENTIALLY_CONFUSED,制造工在工厂组装，通信工在现场施工维护。
2-02-38-06,工业互联网工程技术人员 S,4-04-05-14,工业互联网运维员 S,0.8747,POTENTIALLY_CONFUSED,工程技术人员重规划研发，运维员重执行维护
6-17-10-01,硬质合金混合料工,6-18-02-06,粉末冶金制品制造工,0.8746,POTENTIALLY_CONFUSED,A配料制粉，B压制成型制成品
2-02-18-02,土木建筑工程技术人员,6-29-02,土木工程建筑施工人员,0.8743,POTENTIALLY_CONFUSED,A为管理技术员，B为一线施工员
6-01-01-03,制油工,6-10-01-07,润滑油脂生产工,0.874,POTENTIALLY_CONFUSED,制油工产食用油，润滑油工产工业油。
6-11-02,基础化学原料制造人员,6-12-01,化学药品原料药制造人员,0.8739,POTENTIALLY_CONFUSED,基础化学看原料，药品原料看药典。
2-02-16,民用航空工程技术人员,6-30-03,民用航空设备操作及有关人员,0.8737,POTENTIALLY_CONFUSED,技术人员重维修生产，操作员重保障运行。
2-02-15-03,水上交通工程技术人员,2-04-02-01,甲板部技术人员,0.8736,POTENTIALLY_CONFUSED,A是监管者，B是操作者。
2-02-04,石油天然气工程技术人员,6-16-02,石油和天然气开采与储运人员,0.8735,POTENTIALLY_CONFUSED,技术人员重研究设计，开采储运人员重操作
6-15-07-01,炭素煅烧工,6-17-05-02,重金属物料焙烧工,0.8733,POTENTIALLY_CONFUSED,A炭素原料，B重金属物料
2-09-03-03,电影电视摄影师,4-13-02-09,电视摄像员,0.8731,POTENTIALLY_CONFUSED,摄影师重创作，摄像员重操作。
6-11-09-04,火工品管理工,6-29-02-07,爆破工,0.8725,POTENTIALLY_CONFUSED,管理工管物资，爆破工负责起爆。
2-09-06-06,工艺美术专业人员,4-08-08-05,工艺美术品设计师,0.8724,POTENTIALLY_CONFUSED,专业人员涵盖制作，设计师侧重设计与指导
2-02-28,安全工程技术人员,6-31-06-00,安全员,0.8721,POTENTIALLY_CONFUSED,技术人员重设计评估，安全员重现场监督。
2-02-27-01,环境监测工程技术人员 L,4-08-06-00,环境监测员 L,0.8718,POTENTIALLY_CONFUSED,技术人员重评价分析，监测员重采样分析。
2-02-01-01,地质实验测试工程技术人员,4-08-07-05,地质实验员,0.8717,POTENTIALLY_CONFUSED,技术人员重研究标准，实验员重操作执行。
2-05-08-05,社区护士,4-14-04-04,社群健康助理员,0.8708,POTENTIALLY_CONFUSED,护士重医疗操作，助理员重服务代理
5-01-01-02,种苗繁育员,5-02-01,林草种苗繁育人员,0.8707,POTENTIALLY_CONFUSED,A为农作物，B为林草植物。
4-01-02-03,商品营业员,4-02-06-02,理货员,0.8707,POTENTIALLY_CONFUSED,营业员侧重销售服务，理货员侧重仓储物流。
2-02-07,机械工程技术人员,6-31-01-04,仪器仪表维修工,0.8705,POTENTIALLY_CONFUSED,A侧重设计制造，B侧重维护修理。
2-03-08-01,水产养殖技术人员,5-04-02,水产养殖人员,0.8705,POTENTIALLY_CONFUSED,技术人员重研发推广，养殖人员重日常饲养。
2-01-07-00,农业科学研究人员,2-03-05-00,作物遗传育种栽培技术人员,0.8704,POTENTIALLY_CONFUSED,A为综合研究，B为作物育种栽培专项
3-01-02-07,制图员,4-08-03-03,地图绘制员,0.8702,POTENTIALLY_CONFUSED,制图员画工程图，地图员画地图。
6-20-04-00,电梯装配调试工,6-29-03-03,电梯安装维修工,0.87,POTENTIALLY_CONFUSED,装配侧重出厂组装，安装维修侧重现场部署与售后
4-01-99,其他批发与零售服务人员,4-99-00,其他社会生产服务和生活服务人员,0.87,POTENTIALLY_CONFUSED,A属零售贸易，B属社会生活服务。
2-02-05,冶金工程技术人员,6-18-02,机械热加工人员,0.8698,POTENTIALLY_CONFUSED,A侧重冶炼工艺，B侧重加工成型。
2-02-34-02,工业设计工程技术人员 S,4-08-08,专业化设计服务人员,0.8697,POTENTIALLY_CONFUSED,A重工程实现，B重视觉呈现
2-02-20-10,林业资源调查与监测工程技术人员 L,2-06-06-03,森林资源评估专业人员L,0.8692,POTENTIALLY_CONFUSED,调查监测重在‘量化’，评估专业重在‘价值’。
2-09-04-01,灯光师,4-13-02-07,照明工,0.869,POTENTIALLY_CONFUSED,灯光师偏设计管理，照明工偏安装操作。
6-20-01-01,装配钳工,6-31-01-02,机修钳工,0.869,POTENTIALLY_CONFUSED,装配是新造，机修是旧修。
6-11-09,火工品制造、保管、爆破及焰火产品制造人员,6-29-02-07,爆破工,0.8686,POTENTIALLY_CONFUSED,A造保管，B实操爆破
2-01-99,其他科学研究人员,2-99-00,其他专业技术人员,0.8685,POTENTIALLY_CONFUSED,科学研究员侧重科研，专业技术员侧重应用。
6-04-01,纤维预处理人员,6-13-02,化学纤维纺丝及后处理人员,0.8685,POTENTIALLY_CONFUSED,A预处理，B纺丝后处理，关注工序阶段
6-17-10-02,硬质合金成型工,6-18-02-06,粉末冶金制品制造工,0.8683,POTENTIALLY_CONFUSED,A侧重成型，B涵盖制粉到烧结全流程。
2-02-02-06,地理国情监测工程技术人员 L/S,4-08-04-03,地理信息应用作业员L,0.8683,POTENTIALLY_CONFUSED,A设计指导，B执行生产
6-04-06,印染人员,6-08-01,印刷人员,0.868,POTENTIALLY_CONFUSED,印染是染布，印刷是印纸
2-07-04-00,律师,3-01-04-05,基层法律服务工作者,0.8676,POTENTIALLY_CONFUSED,律师执业证全能，基层证仅限基层所。
2-03-06,兽医兽药技术人员,5-05-02-03,动物疫病防治员,0.8672,POTENTIALLY_CONFUSED,技术员偏向监管推广，防治员偏向一线操作
2-02-01-04,地质矿产调查工程技术人员,4-08-07-04,地质调查员L,0.8671,POTENTIALLY_CONFUSED,A侧重矿产勘查评价，B侧重基础与灾害调查
2-02-28-03,安全生产管理工程技术人员,6-31-06,安全生产管理人员,0.867,POTENTIALLY_CONFUSED,技术人员重规划方案，管理人员重现场监督。
4-06-99,其他房地产服务人员,4-07-99,其他租赁和商务服务人员,0.8664,POTENTIALLY_CONFUSED,房产服务看房产，商务服务看综合租赁。
2-02-20-04,野生动物保护利用工程技术人员 L,4-09-06-01,野生动物保护员L,0.8662,POTENTIALLY_CONFUSED,技术人员重规划研究，保护员重巡护执行。
2-03-02-00,农业技术指导人员,5-05-01,农业生产服务人员,0.8662,POTENTIALLY_CONFUSED,指导人员重技术研发，服务人员重生产实操
2-02-35-02,假肢师,6-21-06-03,假肢装配工,0.8661,POTENTIALLY_CONFUSED,师负责设计评定，工负责制作组装。
2-10-99,其他新闻出版、文化专业人员,4-13-99,其他文化和教育服务人员,0.8659,POTENTIALLY_CONFUSED,专业人员看资质，服务人员看执行。
6-18-02,机械热加工人员,6-20-03,金属加工机械制造人员,0.8658,POTENTIALLY_CONFUSED,A加工零件，B组装机床
2-02-38-13,密码工程技术人员 S,4-04-04-06,密码技术应用员S,0.8657,POTENTIALLY_CONFUSED,工程侧重研发实现，应用侧重部署运维
6-02-05-05,酶制剂制造工,6-12-05-02,发酵工程制药工,0.8655,POTENTIALLY_CONFUSED,酶制剂产工业品，发酵制药产药品。
6-29-03-01,机械设备安装工,6-31-01-02,机修钳工,0.8652,POTENTIALLY_CONFUSED,A重安装调试，B重维护修理
6-29-03-02,电气设备安装工,6-31-01-03,电工,0.865,POTENTIALLY_CONFUSED,安装工重安装调试，电工重维护修理。
2-02-31,检验检疫工程技术人员,6-31-03-05,质检员,0.865,POTENTIALLY_CONFUSED,检疫侧重出入境监管，质检侧重生产质量。
6-20-06-04,电动工具制造工,6-24-01-00,电机制造工,0.8649,POTENTIALLY_CONFUSED,A造工具成品，B造电机核心部件
6-17-10-03,硬质合金烧结工,6-18-02-06,粉末冶金制品制造工,0.8647,POTENTIALLY_CONFUSED,A专攻烧结，B涵盖制粉压制全流程。
6-24-08-00,轨道交通通信信号设备制造工,6-25-04-01,通信系统设备制造工,0.8646,POTENTIALLY_CONFUSED,A轨交专用，B通用通信，领域不同。
2-02-25-05,人工影响天气工程技术人员 S,4-08-01-02,人工影响天气特种作业操作员,0.8643,POTENTIALLY_CONFUSED,技术人员管预报指挥，操作员管发射执行
2-04-02-01,甲板部技术人员,6-30-04-01,船舶甲板设备操作工,0.8642,POTENTIALLY_CONFUSED,技术人员管指挥，操作工管干活。
2-09-07-05,体育经理人,4-14-05-05,体育经纪人,0.8641,POTENTIALLY_CONFUSED,经理管运营，经纪人做中介。
2-07-11-04,养老服务师,4-10-01-05,养老护理员,0.864,POTENTIALLY_CONFUSED,服务师侧重管理评估，护理员侧重生活照料
2-02-22,海洋工程技术人员,4-08-02,海洋服务人员,0.8637,POTENTIALLY_CONFUSED,技术人员偏向工程设计，服务人员偏向监测观测
6-11-05-01,涂料生产工,6-18-03-03,涂装工,0.8637,POTENTIALLY_CONFUSED,生产工造漆，涂装工刷漆
6-29-03-08,电力电气设备安装工,6-31-01-03,电工,0.8633,POTENTIALLY_CONFUSED,安装工重安装调试，电工重维护修理
2-02-04-01,石油天然气开采工程技术人员,6-16-02,石油和天然气开采与储运人员,0.8631,POTENTIALLY_CONFUSED,A为研发设计，B为现场操作。
2-06-07-02,市场营销专业人员,4-01-02-01,营销员,0.8631,POTENTIALLY_CONFUSED,专业人员重策划管理，营销员重执行销售。
5-05-06-04,植物原料制取工,6-11-08-18,植物原料水解工,0.8631,POTENTIALLY_CONFUSED,制取重在提取，水解重在发酵酒精酵母
5-05-06-08,代用茶加工工,6-02-06-10,茶叶加工工,0.863,POTENTIALLY_CONFUSED,代用茶非茶，茶叶是真茶。
2-03-02,农业技术指导人员,5-05-01-01,农业技术员,0.863,POTENTIALLY_CONFUSED,指导人员偏向咨询开发，技术员偏向实操推广
6-10-01-06,炼厂气加工工,6-11-02-12,芳香烃生产工,0.8626,POTENTIALLY_CONFUSED,气加工产气液，芳香烃产苯甲萘
6-25-04,电子设备装配调试人员,6-26-01,仪器仪表装配人员,0.8624,POTENTIALLY_CONFUSED,设备侧重系统集成，仪表侧重精密元件。
2-02-20-05,自然保护区工程技术人员 L,4-09-06,野生动植物保护人员,0.8623,POTENTIALLY_CONFUSED,A侧重规划监测，B侧重培育繁殖。
6-29-03-06,锅炉设备安装工,6-31-01-05,锅炉设备检修工,0.8622,POTENTIALLY_CONFUSED,安装是新造，检修是维护。
4-03-02-06,营养配餐员,4-14-02-01,营养师,0.8618,POTENTIALLY_CONFUSED,配餐员重在食谱设计，营养师重在健康评估
2-06-09,银行专业人员,4-05-01,银行服务人员,0.8617,POTENTIALLY_CONFUSED,专业人员重运营筹措，服务人员重柜面办理
6-11-02-14,芳香烃衍生物生产工,6-12-01-00,化学合成制药工,0.8617,POTENTIALLY_CONFUSED,前者产化工原料，后者产药用成分。
2-06-07-11,经纪与代理专业人员,4-01-02-01,营销员,0.8616,POTENTIALLY_CONFUSED,经纪侧重中介撮合，营销侧重产品销售
6-10-01-08,石油产品精制工,6-11-02-14,芳香烃衍生物生产工,0.8615,POTENTIALLY_CONFUSED,A精制成品油，B生产芳香烃衍生物
2-02-21-01,水文水资源工程技术人员 L,4-09-02-01,水文勘测工,0.8615,POTENTIALLY_CONFUSED,技术人员重规划分析，勘测工重现场监测
3-01-02-04,收发员,4-02-07-04,邮政投递员,0.8611,POTENTIALLY_CONFUSED,收发员在内，投递员在外
2-02-20-11,园林植物保护工程技术人员 L,2-03-04-00,园艺技术人员 L,0.8599,POTENTIALLY_CONFUSED,A侧重病虫害防治，B侧重育种栽培管理
2-10-04-02,节目主持人,4-13-01-02,礼仪主持人,0.8598,POTENTIALLY_CONFUSED,节目主导内容，礼仪主导流程。
2-02-05-09,稀土工程技术人员,6-17-07-04,稀土冶炼工,0.8593,POTENTIALLY_CONFUSED,技术人员搞研发设计，冶炼工负责设备操作
2-06-07-10,物业经营管理专业人员,4-06-01-01,物业管理师,0.8591,POTENTIALLY_CONFUSED,经营侧重资产增值，管理侧重运维服务。
2-02-10-03,计算机软件工程技术人员 S,4-04-05-02,计算机软件测试员S,0.8589,POTENTIALLY_CONFUSED,A全生命周期开发，B仅负责验证测试。
6-11-01,化工产品生产通用工艺人员,6-12-01,化学药品原料药制造人员,0.8584,POTENTIALLY_CONFUSED,通用工艺看流程，原料药看药典。
6-01-06-00,果蔬坚果加工工,6-02-03-03,罐头食品加工工,0.8584,POTENTIALLY_CONFUSED,A重加工工艺，B重密封杀菌
6-24-02-03,电力电容器及其装置制造工,6-25-01-01,电容器制造工,0.8582,POTENTIALLY_CONFUSED,电力电容器侧重装置，普通电容器侧重元件
6-16-02-10,天然气处理工,6-28-02-04,工业气体液化工,0.8579,POTENTIALLY_CONFUSED,A侧重天然气净化加工，B侧重通用气体液化。
2-02-35-01,矫形器师,6-21-06-02,矫形器装配工,0.8576,POTENTIALLY_CONFUSED,师负责设计方案，工负责具体制作安装。
6-16-01-14,矿石处理工,6-17-04-01,铁合金原料工,0.8573,POTENTIALLY_CONFUSED,A重加工处理，B含磁选配料及成型
6-20-02-01,锅炉设备制造工,6-31-01-05,锅炉设备检修工,0.8572,POTENTIALLY_CONFUSED,制造是做新锅炉，检修是修旧锅炉。
6-11-08-10,有机硅生产工,6-12-01-00,化学合成制药工,0.8571,POTENTIALLY_CONFUSED,有机硅产硅，制药工产药，看产品目标
6-09-03-03,陶瓷工艺品制作师,6-15-05,陶瓷制品制造人员,0.8571,POTENTIALLY_CONFUSED,工艺品重艺术创作，制品重工业生产。
2-06-11,证券期货基金专业人员,4-05-05,信托和资产管理服务人员,0.857,POTENTIALLY_CONFUSED,A侧重交易销售，B侧重信托管理。
2-06-07-05,会展策划专业人员,2-09-06-09,陈列展览设计人员,0.8569,POTENTIALLY_CONFUSED,A重策划组织，B重空间设计布置
2-05-08,护理人员,4-14-01-02,医疗护理员,0.8566,POTENTIALLY_CONFUSED,护理人员专业医疗，护理员生活照护。
2-02-25,气象工程技术人员,4-08-01,气象服务人员,0.8566,POTENTIALLY_CONFUSED,工程技术人员重研究开发，服务人员重执行
6-20-03-01,机床装调维修工,6-31-01-10,机电设备维修工,0.8564,POTENTIALLY_CONFUSED,A重装调，B重维保
4-10-01-05,养老护理员,4-14-01-02,医疗护理员,0.8563,POTENTIALLY_CONFUSED,养老看重生活照料，医疗看重临床基础护理
6-15-01-02,水泥混凝土制品工,6-29-01-03,混凝土工,0.8562,POTENTIALLY_CONFUSED,制品工做构件，混凝土工做浇筑。
2-02-38-09,集成电路工程技术人员 S,6-25-02,电子器件制造人员,0.856,POTENTIALLY_CONFUSED,A是研发设计，B是生产制造。
2-06-08,人力资源专业人员,4-07-03-04,企业人力资源管理师,0.856,POTENTIALLY_CONFUSED,A为综合职能，B为具体执行操作。
2-02-11-01,电工电器工程技术人员,6-31-01-03,电工,0.8557,POTENTIALLY_CONFUSED,A是研发设计，B是安装维护。
2-02-06-03,化工生产工程技术人员,6-11-01,化工产品生产通用工艺人员,0.8557,POTENTIALLY_CONFUSED,A是技术指导与管理，B是具体操作执行。
2-06-07,商务专业人员,4-07-02,商务咨询服务人员,0.8556,POTENTIALLY_CONFUSED,A侧重综合商务，B侧重专业咨询。
2-02-35-02,假肢师,6-21-06,医疗器械制品和康复辅具生产人员,0.8556,POTENTIALLY_CONFUSED,假肢师负责设计适配，生产人员负责装配。
6-11-08-03,化学试剂生产工,6-12-01-00,化学合成制药工,0.8555,POTENTIALLY_CONFUSED,试剂侧重通用化学品，制药侧重药用成分。
2-02-10-08,信息系统运行维护工程技术人员 S,4-04-04-01,信息通信网络运行管理员S,0.8555,POTENTIALLY_CONFUSED,A侧重系统软件开发维护，B侧重网络设备运行。
6-18-04-06,工具钳工,6-31-01-02,机修钳工,0.8553,POTENTIALLY_CONFUSED,工具钳工造具，机修钳工修机。
2-02-20-02,森林培育工程技术人员 L,5-02-01,林草种苗繁育人员,0.8552,POTENTIALLY_CONFUSED,A侧重工程管理，B侧重种苗繁育
2-06-10,保险专业人员,4-05-03,保险服务人员,0.8551,POTENTIALLY_CONFUSED,专业人员管核保理赔，服务人员管代理公估
2-06-11-06,期货专业人员,4-05-02,证券期货服务人员,0.8551,POTENTIALLY_CONFUSED,A做交易与管理，B提供专业配套服务
6-11-01-04,制冷工,6-28-02-06,压缩机操作工,0.8549,POTENTIALLY_CONFUSED,制冷工控温降温，压缩机工仅加压输送。
2-02-15,道路和水上运输工程技术人员,2-04-02-01,甲板部技术人员,0.8547,POTENTIALLY_CONFUSED,A是综合维护，B是船舶驾驶操作。
6-11-01-01,化工原料准备工,6-17-10-01,硬质合金混合料工,0.8546,POTENTIALLY_CONFUSED,A为通用化工配料，B为金属粉末合金化。
2-04-02,船舶指挥和引航人员,6-30-04,水上运输设备操作及有关人员,0.8545,POTENTIALLY_CONFUSED,指挥引航看管理，设备操作看执行。
2-10-05,翻译人员,4-13-01-08,手语翻译,0.8542,POTENTIALLY_CONFUSED,A包含B，B是A的特指，易混淆。
2-02-10,信息和通信工程技术人员,4-04-02,信息通信网络维护人员,0.854,POTENTIALLY_CONFUSED,A侧重研发设计，B侧重安装维护。
1-01-00-02,中国共产党基层组织负责人,1-06-01-03,国有企业中国共产党组织负责人,0.8539,POTENTIALLY_CONFUSED,A是全行业基层，B专指国企
2-09-06-05,染织艺术设计人员,4-08-08-02,纺织面料设计师,0.8534,POTENTIALLY_CONFUSED,染织侧重艺术风格，面料侧重组织质地。
6-15-02-03,石材生产工,6-29-01-02,石工,0.8534,POTENTIALLY_CONFUSED,生产工重设备加工，石工重手工砌筑。
2-02-23-03,化学纤维工程技术人员,6-13-01,化学纤维原料制造人员,0.8531,POTENTIALLY_CONFUSED,技术人员搞研发工艺，制造人员负责生产。
2-04-01,飞行人员和领航人员,6-30-03,民用航空设备操作及有关人员,0.8531,POTENTIALLY_CONFUSED,A是开飞机的，B是保障飞行的。
2-03-06,兽医兽药技术人员,5-05-02-04,动物检疫检验员,0.8531,POTENTIALLY_CONFUSED,A侧重诊疗推广，B侧重检疫出证。
2-02-30-08,信息管理工程技术人员 S,4-04-04-03,信息通信信息化系统管理员S,0.8525,POTENTIALLY_CONFUSED,A侧重规划设计，B侧重运行维护。
4-01-02-01,营销员,4-04-01-01,信息通信营业员,0.8523,POTENTIALLY_CONFUSED,营销员跑外勤，营业员守店面。
6-16-02-10,天然气处理工,6-28-02-02,气体深冷分离工,0.8522,POTENTIALLY_CONFUSED,A侧重天然气净化，B侧重深冷分离气体
2-02-20-11,园林植物保护工程技术人员 L,2-03-03,植物保护技术人员,0.8518,POTENTIALLY_CONFUSED,A专攻园林植物，B涵盖所有植物。
2-02-15-07,视觉航标工程技术人员,4-02-03-05,航标工,0.8518,POTENTIALLY_CONFUSED,工程技术人员重建设维护，航标工重操作值守。
2-06-07-05,会展策划专业人员,4-07-07,会议及展览服务人员,0.8515,POTENTIALLY_CONFUSED,策划者主导方案，服务人员执行布展
3-01-02-01,机要员,4-02-07-03,邮件转运员,0.8514,POTENTIALLY_CONFUSED,机要员管保密，转运员管物流运输。
6-23-01,轨道交通运输设备制造人员,6-24-08,电气信号设备装置制造人员,0.8511,POTENTIALLY_CONFUSED,A造车，B造信号电控设备。
2-02-23,纺织工程技术人员,6-04-02,纺纱人员,0.851,POTENTIALLY_CONFUSED,技术人员管工艺，纺纱人员做生产。
2-09-06-09,陈列展览设计人员,4-08-08-21,会展设计师,0.8509,POTENTIALLY_CONFUSED,陈列重策划内容，会展重商业搭建。
6-11-08,专用化学产品生产人员,6-12-01,化学药品原料药制造人员,0.8508,POTENTIALLY_CONFUSED,专用化学品看用途，原料药看药典。
2-02-30-08,信息管理工程技术人员 S,4-04-04-06,密码技术应用员S,0.8505,POTENTIALLY_CONFUSED,A管整体信息化，B专攻密码安全保障。
2-03-07,畜牧与草业技术人员,5-03-03,特种经济动物饲养人员,0.8505,POTENTIALLY_CONFUSED,技术人员重研究推广，饲养人员重日常喂养
2-02-18,建筑工程技术人员,6-29-02,土木工程建筑施工人员,0.8505,POTENTIALLY_CONFUSED,技术人员重设计管理，施工人员重现场执行
2-02-32,制药工程技术人员,6-12-03,药物制剂人员,0.8504,POTENTIALLY_CONFUSED,工程侧重工艺设计，制剂侧重药物生产。
2-09-05-05,摄影家,2-10-01-02,摄影记者,0.8504,POTENTIALLY_CONFUSED,艺术创作对比新闻报道
2-02-01-03,水工环地质工程技术人员,4-08-07-04,地质调查员L,0.8504,POTENTIALLY_CONFUSED,A侧重工程技术与治理，B侧重野外调查与找矿
2-06-07-02,市场营销专业人员,4-06-02-02,房地产策划师,0.8502,POTENTIALLY_CONFUSED,A是通用营销，B是房产专项策划
6-10-01-05,石脑油加工工,6-11-02-12,芳香烃生产工,0.8501,POTENTIALLY_CONFUSED,A产原料/组分，B专攻芳香烃精制
2-02-02-06,地理国情监测工程技术人员 L/S,4-08-04-02,地理信息处理员L,0.85,POTENTIALLY_CONFUSED,A侧重工程设计与分析，B侧重数据录入与维护
