源编码,源名称,目标编码,目标名称,相似度得分,关系类型,LLM防坑口诀
5-05-99,其他农、林、牧、渔业生产辅助人员,5-99-00,其他农、林、牧、渔业生产及辅助人员,0.9827,POTENTIALLY_CONFUSED,[其他农、林、牧、渔业生产辅助人员]仅限农林牧渔辅助环节兜底；[其他农、林、牧、渔业生产及辅助人员]覆盖生产及辅助全领域兜底
6-20-99,其他通用设备制造人员,6-21-99,其他专用设备制造人员,0.9553,POTENTIALLY_CONFUSED,[其他通用设备制造人员]锅炉泵阀等通用机械制造兜底；[其他专用设备制造人员]矿山冶金等专用机械制造兜底
2-09-06-09,陈列展览设计人员,2-10-08-05,文物展陈专业人员,0.9499,POTENTIALLY_CONFUSED,[陈列展览设计人员]重设计安装，；[文物展陈专业人员]的对象是文物藏品（古代遗物）
2-02-30-11,供应链工程技术人员S,4-02-06-05,供应链管理师S,0.9494,POTENTIALLY_CONFUSED,[供应链工程技术人员S]建系统平台，；[供应链管理师S]管运作流程。
2-02-02-07,地理信息系统工程技术人员L/S,4-08-04-02,地理信息处理员L,0.9472,POTENTIALLY_CONFUSED,[地理信息系统工程技术人员L/S]侧重设计开发，；[地理信息处理员L]侧重数据录入维护。
2-10-08-01,考古专业人员,4-13-03-01,考古探掘工,0.9458,POTENTIALLY_CONFUSED,[考古专业人员]专业人员主导研究；[考古探掘工]探掘工执行具体挖掘
6-23-01-01,铁路机车制修工,6-30-02-06,铁路试验检测设备维修工,0.9457,POTENTIALLY_CONFUSED,[铁路机车制修工]修机车本身，；[铁路试验检测设备维修工]修检测机车的设备
2-05-07-14,心理治疗技师,2-07-11-03,心理咨询师,0.9439,POTENTIALLY_CONFUSED,[心理治疗技师]在医疗和预防保健机构，；[心理咨询师]在社区、社区服务机构和社会组
2-02-07-03,仪器仪表工程技术人员,6-31-01-04,仪器仪表维修工,0.9439,POTENTIALLY_CONFUSED,[仪器仪表工程技术人员]工程技术人员重研发设计；[仪器仪表维修工]维修工重维护修理
2-02-15-04,水上救助打捞工程技术人员,4-02-03-04,水上救生员,0.9438,POTENTIALLY_CONFUSED,[水上救助打捞工程技术人员]侧重工程打捞，；[水上救生员]侧重人命救助
3-01-99,其他行政办事及辅助人员,3-99-00,其他办事人员和有关人员,0.9427,POTENTIALLY_CONFUSED,[其他行政办事及辅助人员]均属兜底项；[其他办事人员和有关人员]范围重叠且定义模糊
2-02-38-07,虚拟现实工程技术人员S,4-04-05-11,虚拟现实产品设计师S,0.9421,POTENTIALLY_CONFUSED,[虚拟现实工程技术人员S]工程技术人员重开发维护；[虚拟现实产品设计师S]设计师重内容建模
2-06-12-09,版权运营专业人员,4-13-01-09,版权经纪人,0.9414,POTENTIALLY_CONFUSED,[版权运营专业人员]运营侧重资产管理；[版权经纪人]经纪侧重交易代理
6-21-05-01,拖拉机制造工,6-22-01-01,汽车生产线操作工,0.9413,POTENTIALLY_CONFUSED,[拖拉机制造工]看产品：拖拉机对汽车；[汽车生产线操作工]工艺流程几乎一致
2-03-06-01,兽医,5-05-02-03,动物疫病防治员,0.9407,POTENTIALLY_CONFUSED,[兽医]兽医主导诊疗检疫；[动物疫病防治员]防治员主攻执行免疫
6-09-03-03,陶瓷工艺品制作师,6-15-05-04,陶瓷装饰工,0.9398,POTENTIALLY_CONFUSED,[陶瓷工艺品制作师]制作师含成型；[陶瓷装饰工]装饰工仅限表面装饰
5-01-99,其他农业生产人员,5-03-99,其他畜牧业生产人员,0.9397,POTENTIALLY_CONFUSED,[其他农业生产人员]农业指种植；[其他畜牧业生产人员]畜牧业指养殖
6-24-01-00,电机制造工,6-31-01-07,电机检修工,0.9384,POTENTIALLY_CONFUSED,[电机制造工]制造是做新机；[电机检修工]检修是修旧机
6-21-04,电子专用设备装配调试人员,6-25-04,电子设备装配调试人员,0.9369,POTENTIALLY_CONFUSED,[电子专用设备装配调试人员]专用设备指设备本身；[电子设备装配调试人员]电子设备指产品
6-21-99,其他专用设备制造人员,6-26-99,其他仪器仪表制造人员,0.9361,POTENTIALLY_CONFUSED,[其他专用设备制造人员]设备重制造；[其他仪器仪表制造人员]仪表重精密测量
2-10-08-01,考古专业人员,4-13-03,考古及文物保护作业人员,0.935,POTENTIALLY_CONFUSED,[考古专业人员]专业人员主导研究；[考古及文物保护作业人员]作业人员执行操作
2-02-99,其他工程技术人员,2-99-00,其他专业技术人员,0.9331,POTENTIALLY_CONFUSED,[其他工程技术人员]工程技术人员侧重工程；[其他专业技术人员]专业技术人员范围更广
2-05-99,其他卫生专业技术人员,2-99-00,其他专业技术人员,0.9329,POTENTIALLY_CONFUSED,[其他卫生专业技术人员]是卫生领域，；[其他专业技术人员]是全行业通用。
6-21-01-02,工程机械装配调试工,6-31-01-09,工程机械维修工,0.9316,POTENTIALLY_CONFUSED,[工程机械装配调试工]装配是新机出厂；[工程机械维修工]维修是旧机修复
2-02-20-11,园林植物保护工程技术人员L,2-03-03-00,植物保护技术人员L,0.9311,POTENTIALLY_CONFUSED,[园林植物保护工程技术人员L]专攻园林景观，；[植物保护技术人员L]涵盖农业及全类植物。
4-01-05-03,出版物发行员,4-02-07-05,报刊业务员,0.9308,POTENTIALLY_CONFUSED,[出版物发行员]侧重全渠道发行，；[报刊业务员]侧重报刊零售分发。
2-02-02-04,地图制图工程技术人员S,4-08-03-03,地图绘制员,0.9301,POTENTIALLY_CONFUSED,[地图制图工程技术人员S]工程技术人员重设计研发；[地图绘制员]绘制员重操作执行
5-01-99,其他农业生产人员,5-99-00,其他农、林、牧、渔业生产及辅助人员,0.9295,POTENTIALLY_CONFUSED,[其他农业生产人员]仅限农业，；[其他农、林、牧、渔业生产及辅助人员]涵盖农林牧渔全行业。
4-02-02-01,客运车辆驾驶员L,4-10-08-02,汽车代驾员,0.9294,POTENTIALLY_CONFUSED,[客运车辆驾驶员L]客运运营运车，代驾开私家车；[汽车代驾员][汽车代驾员]为客户临时驾驶非营运机动车
6-15-08-01,人工合成晶体工,6-25-02-04,晶片加工工,0.9293,POTENTIALLY_CONFUSED,[人工合成晶体工]合成晶体器件，；[晶片加工工]生长晶锭切晶片
2-03-06-01,兽医,5-05-02-04,动物检疫检验员,0.9292,POTENTIALLY_CONFUSED,[兽医]兽医治病；[动物检疫检验员]检疫员查病出证
6-23-03,航空产品装配、调试人员,6-31-02-03,航空器部件修理工,0.9292,POTENTIALLY_CONFUSED,[航空产品装配、调试人员]装配侧重于新产品组装；[航空器部件修理工]修理侧重于维护修复
6-25-04-02,通信终端设备制造工,6-26-01-01,仪器仪表制造工,0.9284,POTENTIALLY_CONFUSED,[通信终端设备制造工]造通信终端，；[仪器仪表制造工]造通用仪器仪表
7-01-00-00,军官（警官）,7-02-00-00,军士（警士）,0.9281,POTENTIALLY_CONFUSED,[军官（警官）]官是管理层；[军士（警士）]士是执行层
7-01-00,军官（警官）,7-02-00-00,军士（警士）,0.9281,POTENTIALLY_CONFUSED,[军官（警官）]官是管理层；[军士（警士）]士是执行层
3-01-02-04,收发员,4-02-07,邮政和快递服务人员,0.9268,POTENTIALLY_CONFUSED,[收发员]收发员对内传递；[邮政和快递服务人员]邮政快递对外服务
6-20-02-03,汽轮机装配调试工,6-31-01-06,汽轮机和水轮机检修工,0.9267,POTENTIALLY_CONFUSED,[汽轮机装配调试工]装配侧重于新机制造；[汽轮机和水轮机检修工]检修侧重于维护修复
2-02-16-01,民用航空器维修与适航工程技术人员,6-31-02,船舶、航空器修理人员,0.9239,POTENTIALLY_CONFUSED,[民用航空器维修与适航工程技术人员]为工程技术研发，；[船舶、航空器修理人员]为基础维修操作
2-06-07-09,拍卖师,4-07-01-02,拍卖服务师,0.9237,POTENTIALLY_CONFUSED,[拍卖师]拍卖师主导拍卖；[拍卖服务师]服务师负责运营支持
2-09-06-06,工艺美术专业人员,6-09-03,工艺美术品制造人员,0.9234,POTENTIALLY_CONFUSED,[工艺美术专业人员]为设计研发，；[工艺美术品制造人员]为具体制作执行
6-04-99,其他纺织、针织、印染人员,6-05-99,其他纺织品、服装和皮革、毛皮制品加工制作人员,0.9227,POTENTIALLY_CONFUSED,[其他纺织、针织、印染人员]为原材料生产，；[其他纺织品、服装和皮革、毛皮制品加工制作人员]为成品加工。
6-21-99,其他专用设备制造人员,6-24-99,其他电气机械和器材制造人员,0.9225,POTENTIALLY_CONFUSED,[其他专用设备制造人员]专用设备看功能；[其他电气机械和器材制造人员]电气器材看电力
4-02-07-07,邮政市场业务员,4-04-01-02,信息通信业务员,0.9223,POTENTIALLY_CONFUSED,[邮政市场业务员]邮政侧重实物寄递；[信息通信业务员]通信侧重网络服务
5-01-99,其他农业生产人员,5-05-99,其他农、林、牧、渔业生产辅助人员,0.9218,POTENTIALLY_CONFUSED,[其他农业生产人员]从事种植、养殖等农业一线生产兜底；[其他农、林、牧、渔业生产辅助人员]从事农林牧渔的辅助性工作兜底
2-02-02-05,海洋测绘工程技术人员L/S,4-08-03-06,海洋测绘员L/S,0.9218,POTENTIALLY_CONFUSED,[海洋测绘工程技术人员L/S]技术人员重设计研究；[海洋测绘员L/S]测绘员重操作执行
2-05-08,护理人员,4-14-01,医疗辅助服务人员,0.9215,POTENTIALLY_CONFUSED,[护理人员]专业护理，；[医疗辅助服务人员]辅助照护
6-31-99,其他生产辅助人员,6-99-00,其他生产制造及有关人员,0.9207,POTENTIALLY_CONFUSED,[其他生产辅助人员]在制造人员大类之中做辅助性工作；[其他生产制造及有关人员]涵盖全行业生产制造及相关岗位的兜底项
6-09-04-03,健身器材制作工,6-19-01-01,工具五金制作工,0.9202,POTENTIALLY_CONFUSED,[健身器材制作工]做健身器材，；[工具五金制作工]做通用五金工具。
6-23-03-03,航空发动机装配工,6-31-02-04,航空发动机修理工,0.9201,POTENTIALLY_CONFUSED,[航空发动机装配工]装配与修理职责高度重合；[航空发动机修理工]极易混淆
2-02-31-01,产品质量检验工程技术人员,6-31-03,检验试验人员,0.92,POTENTIALLY_CONFUSED,[产品质量检验工程技术人员]工程技术员定标准；[检验试验人员]检验员执行检测
6-11-01-04,制冷工,6-29-03-05,制冷空调系统安装维修工,0.9196,POTENTIALLY_CONFUSED,[制冷工]是操作运行，；[制冷空调系统安装维修工]是安装维修。
1-03-00,民主党派和工商联负责人,1-04-01,人民团体和群众团体负责人,0.9188,POTENTIALLY_CONFUSED,[民主党派和工商联负责人]民主党派看党派；[人民团体和群众团体负责人]人民团体看工青妇
2-02-20-06,森林保护工程技术人员L,5-05-02-02,林业有害生物防治员L,0.9187,POTENTIALLY_CONFUSED,[森林保护工程技术人员L]为研发管理，；[林业有害生物防治员L]为一线操作
1-03-00,民主党派和工商联负责人,1-04-01-04,其他人民团体和群众团体负责人,0.9187,POTENTIALLY_CONFUSED,[民主党派和工商联负责人]管理民主党派及工商联组织事务；[其他人民团体和群众团体负责人]管理工青妇等其他人民群众团体
2-02-12-03,变电工程技术人员L,6-31-01-08,变电设备检修工,0.9186,POTENTIALLY_CONFUSED,[变电工程技术人员L]技术人员管规划设计；[变电设备检修工]检修工管动手拆装
6-26-01-01,仪器仪表制造工,6-31-01-04,仪器仪表维修工,0.9169,POTENTIALLY_CONFUSED,[仪器仪表制造工]制造重在组装生产；[仪器仪表维修工]维修重在故障排除
5-03-99,其他畜牧业生产人员,5-99-00,其他农、林、牧、渔业生产及辅助人员,0.9169,POTENTIALLY_CONFUSED,[其他畜牧业生产人员]仅限畜牧，；[其他农、林、牧、渔业生产及辅助人员]涵盖农林牧渔全行业
2-02-28-01,安全技术防范工程技术人员,4-07-05-04,安全防范系统安装维护员,0.9162,POTENTIALLY_CONFUSED,[安全技术防范工程技术人员]技术人员搞规划设计；[安全防范系统安装维护员]维护员搞安装维修
2-03-07-02,草业技术人员,4-09-10-02,草坪园艺师,0.916,POTENTIALLY_CONFUSED,[草业技术人员]技术人员重研发保护；[草坪园艺师]园艺师重建植养护
6-23-03-13,飞机外场调试与维护工,6-31-02-05,航空器外场维护员,0.9156,POTENTIALLY_CONFUSED,[飞机外场调试与维护工]的对象是飞机，；[航空器外场维护员]是航空器，航空器是飞机
2-03-06-03,宠物医师,4-10-07-01,宠物健康护理员,0.9154,POTENTIALLY_CONFUSED,[宠物医师]医师诊疗开药；[宠物健康护理员]护理员养护管理
2-04-02-02,轮机部技术人员,6-30-04-02,船舶机舱设备操作工,0.9154,POTENTIALLY_CONFUSED,[轮机部技术人员]技术人员偏管理协调；[船舶机舱设备操作工]操作工偏执行维护
6-01-99,其他农副产品加工人员,6-02-99,其他食品、饮料生产加工人员,0.9148,POTENTIALLY_CONFUSED,[其他农副产品加工人员]农副产品侧重原材；[其他食品、饮料生产加工人员]食品饮料侧重成品
5-03-99,其他畜牧业生产人员,5-05-99,其他农、林、牧、渔业生产辅助人员,0.9139,POTENTIALLY_CONFUSED,[其他畜牧业生产人员]生产人员主导生产；[其他农、林、牧、渔业生产辅助人员]辅助人员负责辅助
6-24-99,其他电气机械和器材制造人员,6-26-99,其他仪器仪表制造人员,0.9138,POTENTIALLY_CONFUSED,[其他电气机械和器材制造人员]电气看功率/动力；[其他仪器仪表制造人员]仪表看精度/测量
6-20-99,其他通用设备制造人员,6-24-99,其他电气机械和器材制造人员,0.9137,POTENTIALLY_CONFUSED,[其他通用设备制造人员]通用设备看机械；[其他电气机械和器材制造人员]电气器材看电路
2-06-07-07,医药代表,4-01-05-02,医药商品购销员,0.9135,POTENTIALLY_CONFUSED,[医药代表]侧重医药产品等推广和客户开发，；[医药商品购销员]主要是供销流程、合同履约等实际销售动作
5-04-99,其他渔业生产人员,5-99-00,其他农、林、牧、渔业生产及辅助人员,0.9131,POTENTIALLY_CONFUSED,[其他渔业生产人员]仅限渔业，；[其他农、林、牧、渔业生产及辅助人员]涵盖农林牧渔全行业
4-01-02-01,营销员,4-02-07-07,邮政市场业务员,0.9128,POTENTIALLY_CONFUSED,[营销员]通用营销对全行业；[邮政市场业务员]邮政业务员专攻邮政
2-06-11-07,基金专业人员,4-05-05,信托和资产管理服务人员,0.911,POTENTIALLY_CONFUSED,[基金专业人员]是咨询人员，；[信托和资产管理服务人员]从事直接的业务服务
2-10-08,考古及文物保护专业人员,4-13-03,考古及文物保护作业人员,0.911,POTENTIALLY_CONFUSED,[考古及文物保护专业人员]从事文物保管、陈列和研究；[考古及文物保护作业人员]从事文物修复、复制和拓印作业
1-01-00-01,中国共产党机关负责人,1-02-03,人民政协机关负责人,0.9109,POTENTIALLY_CONFUSED,[中国共产党机关负责人]在中共中央和地方各级党委机关担任领导；[人民政协机关负责人]在各级人民政协及其工作机构中担任领导
1-01-00,中国共产党机关和基层组织负责人,1-02-03,人民政协机关负责人,0.9109,POTENTIALLY_CONFUSED,[中国共产党机关和基层组织负责人]在党的中央和地方各级机关担任领导职务；[人民政协机关负责人]在各级人民政协及其工作机构
6-01-03,制糖人员,6-02-02,糖制品加工人员,0.9107,POTENTIALLY_CONFUSED,[制糖人员]在党的中央和地方各级机关担任领导职务；[糖制品加工人员]在各级人民政协及其工作机构中担任领导
5-04-99,其他渔业生产人员,5-05-99,其他农、林、牧、渔业生产辅助人员,0.9107,POTENTIALLY_CONFUSED,[其他渔业生产人员]从事渔业捕捞、养殖等一线生产兜底；[其他农、林、牧、渔业生产辅助人员]从事农林牧渔的辅助性工作兜底
6-18-01-02,铣工,6-20-01-03,齿轮制造工,0.9106,POTENTIALLY_CONFUSED,[铣工]铣工加工平面曲面；[齿轮制造工]齿轮工专攻齿形
5-02-99,其他林业生产人员,5-99-00,其他农、林、牧、渔业生产及辅助人员,0.9103,POTENTIALLY_CONFUSED,[其他林业生产人员]仅限林业，；[其他农、林、牧、渔业生产及辅助人员]涵盖农林牧渔全行业
5-05-06-01,园艺产品加工工,6-01-06-00,果蔬坚果加工工,0.9099,POTENTIALLY_CONFUSED,[园艺产品加工工]加工花卉根茎叶，做腌渍脱水冷藏；[果蔬坚果加工工]加工果蔬坚果，做去壳烘干膨化
5-02-99,其他林业生产人员,5-05-99,其他农、林、牧、渔业生产辅助人员,0.9098,POTENTIALLY_CONFUSED,[其他林业生产人员]生产人员主业；[其他农、林、牧、渔业生产辅助人员]辅助人员主辅
2-02-02-01,大地测量工程技术人员L/S,4-08-03-01,大地测量员L/S,0.9096,POTENTIALLY_CONFUSED,[大地测量工程技术人员L/S]技术人员重设计处理；[大地测量员L/S]测量员重外业操作
2-03-09,农业工程技术人员,5-05-05,农机化服务人员,0.9094,POTENTIALLY_CONFUSED,[农业工程技术人员]技术人员搞研发设计；[农机化服务人员]服务人员搞操作维修
2-06-08-02,人力资源服务专业人员,4-07-03,人力资源服务人员,0.9093,POTENTIALLY_CONFUSED,[人力资源服务专业人员]专业人员侧重第三方服务；[人力资源服务人员]服务人员含企业内部
3-01-03-02,劳动人事争议仲裁员,3-03-01-03,调解员,0.9093,POTENTIALLY_CONFUSED,[劳动人事争议仲裁员]仲裁员能裁决；[调解员]调解员仅能调解
2-03-99,其他农业技术人员,5-01-99,其他农业生产人员,0.9093,POTENTIALLY_CONFUSED,[其他农业技术人员]技术人员重研发管理；[其他农业生产人员]生产人员重体力劳动
2-09-04-03,美工师,4-07-07-02,装饰美工,0.9075,POTENTIALLY_CONFUSED,[美工师]是舞台造型设计，；[装饰美工]是会议与展览服务人员
7-01-00,军官（警官）,7-02-00,军士（警士）,0.9073,POTENTIALLY_CONFUSED,[军官（警官）]官为指挥管理；[军士（警士）]士为执行操作
7-01-00-00,军官（警官）,7-02-00,军士（警士）,0.9073,POTENTIALLY_CONFUSED,[军官（警官）]官为指挥管理；[军士（警士）]士为执行操作
2-02-16,民用航空工程技术人员,6-31-02,船舶、航空器修理人员,0.9069,POTENTIALLY_CONFUSED,[民用航空工程技术人员]侧重工程技术，；[船舶、航空器修理人员]侧重具体修理维护。
6-23-03,航空产品装配、调试人员,6-31-02-04,航空发动机修理工,0.9063,POTENTIALLY_CONFUSED,[航空产品装配、调试人员]只修航空发动机；[航空发动机修理工]覆盖航空发动机及其他航空产品的装配、调试。
6-18-02-02,锻造工,6-20-01-06,紧固件制造工,0.906,POTENTIALLY_CONFUSED,[锻造工]锻造工做大件成型；[紧固件制造工]紧固件工专攻螺丝螺母
6-10-01-08,石油产品精制工,6-11-02-12,芳香烃生产工,0.9049,POTENTIALLY_CONFUSED,[石油产品精制工]精制成品油，；[芳香烃生产工]生产芳香烃
6-09-04-03,健身器材制作工,6-19-01-05,日用五金制品制作工,0.9046,POTENTIALLY_CONFUSED,[健身器材制作工]对象限定为跑步机、力量器械等健身器材；[日用五金制品制作工]是
2-09-99,其他文学艺术、体育专业人员,2-10-99,其他新闻出版、文化专业人员,0.9045,POTENTIALLY_CONFUSED,[其他文学艺术、体育专业人员]文学艺术看创作；[其他新闻出版、文化专业人员]新闻出版看传播
2-03-02-00,农业技术指导人员,5-05-01-01,农业技术员,0.9039,POTENTIALLY_CONFUSED,[农业技术指导人员]指导人员偏咨询培训；[农业技术员]技术员偏现场示范
4-01-02-01,营销员,4-04-01-02,信息通信业务员,0.9031,POTENTIALLY_CONFUSED,[营销员]从事跨行业市场调查分析与商品推广；[信息通信业务员]专注信息通信领域客户开发与业务推广
1-01-00-02,中国共产党基层组织负责人,1-05-00,基层群众性自治组织负责人,0.9029,POTENTIALLY_CONFUSED,[中国共产党基层组织负责人]领导企事业单位中党组织的党务工作；[基层群众性自治组织负责人]在居委会和村委会中担任领导
2-02-02-03,摄影测量与遥感工程技术人员L/S,4-08-03-02,摄影测量员L/S,0.9019,POTENTIALLY_CONFUSED,[摄影测量与遥感工程技术人员L/S]负责方案设计、数据解译和成果验收；[摄影测量员L/S]负责采集、成图等具体作业
6-17-09-05,金属材热处理工,6-18-02-03,金属热处理工,0.9013,POTENTIALLY_CONFUSED,[金属材热处理工]材工侧重板卷连续处理；[金属热处理工]工工侧重单件加工
2-02-10-07,信息安全工程技术人员S,4-04-04-06,密码技术应用员S,0.9012,POTENTIALLY_CONFUSED,[信息安全工程技术人员S]侧重综合安全，；[密码技术应用员S]专注密码技术应用。
6-10-99,其他石油加工和炼焦、煤化工生产人员,6-11-99,其他化学原料和化学制品制造人员,0.9005,POTENTIALLY_CONFUSED,[其他石油加工和炼焦、煤化工生产人员]是限定在石油加工、炼焦、煤化工链条内的兜底项；[其他化学原料和化学制品制造人员]是其他化学原料和化学制品制造的兜底项。
6-02-05-01,味精制造工,6-12-05-02,发酵工程制药工,0.9004,POTENTIALLY_CONFUSED,[味精制造工]味精产食品；[发酵工程制药工]制药工产药品，看产出物
2-01-06-06,地球科学研究人员,2-02-01,地质勘探工程技术人员,0.9002,POTENTIALLY_CONFUSED,[地球科学研究人员]研究地球系统演化规律等科学问题；[地质勘探工程技术人员]为矿产、能源、水文等资源勘探开发提供工程技术。
2-02-30-03,战略规划与管理工程技术人员,2-06-01-01,经济规划专业人员,0.8998,POTENTIALLY_CONFUSED,[战略规划与管理工程技术人员]侧重工程技术与流程，；[经济规划专业人员]侧重经营资金计划
2-02-35-01,矫形器师,6-21-06,医疗器械制品和康复辅具生产人员,0.8997,POTENTIALLY_CONFUSED,[矫形器师]设计适配，[医疗器械制品和康复辅具生产人员]负责生产装配。[矫形器师]直面患者定方案；[医疗器械制品和康复辅具生产人员]是按图加工做生产。
4-10-99,其他居民服务人员,4-99-00,其他社会生产服务和生活服务人员,0.8996,POTENTIALLY_CONFUSED,[其他居民服务人员]是居民服务门类下的兜底项；[其他社会生产服务和生活服务人员]是整个4-01至4-14大类的总兜底项，辐射面更广。
3-02-03-07,森林火情瞭望观察员L,5-02-03-01,护林员L,0.8992,POTENTIALLY_CONFUSED,[森林火情瞭望观察员L]多在固定瞭望点观察、报告火情；[护林员L]要巡山护林，并兼顾资源保护和日常巡护。
6-29-03-02,电气设备安装工,6-31-01-10,机电设备维修工,0.8984,POTENTIALLY_CONFUSED,[电气设备安装工]安装重在初次部署；[机电设备维修工]维修重在运行维护
6-21-05-02,耕种机械制造工,6-22-01-01,汽车生产线操作工,0.8976,POTENTIALLY_CONFUSED,[耕种机械制造工]制造耕种施肥植保等农业机械；[汽车生产线操作工]在流水线上操作加工汽车
2-10-08-03,可移动文物保护专业人员,4-13-03-02,文物修复师,0.8974,POTENTIALLY_CONFUSED,[可移动文物保护专业人员]侧重研究方案，；[文物修复师]侧重动手修复
6-22-99,其他汽车制造人员,6-99-00,其他生产制造及有关人员,0.8965,POTENTIALLY_CONFUSED,[其他汽车制造人员]属汽车行业，；[其他生产制造及有关人员]属全行业通用
2-02-34-01,产品设计工程技术人员,4-08-08-26,工业设计工艺师S,0.896,POTENTIALLY_CONFUSED,[产品设计工程技术人员]侧重创意造型，；[工业设计工艺师S]侧重技术实现与验证
1-01-00-01,中国共产党机关负责人,1-02-02,国家行政机关负责人,0.8958,POTENTIALLY_CONFUSED,[中国共产党机关负责人]在中共中央和地方各级党委机关担任领导；[国家行政机关负责人]在各级政府及其工作机构中担任领导
1-01-00,中国共产党机关和基层组织负责人,1-02-02,国家行政机关负责人,0.8958,POTENTIALLY_CONFUSED,[中国共产党机关和基层组织负责人]在党的中央和地方各级机关担任领导；[国家行政机关负责人]在各级政府及其工作机构中担任领
6-17-09-04,金属材涂层机组操作工,6-18-03-03,涂装工,0.8933,POTENTIALLY_CONFUSED,[金属材涂层机组操作工]在党的中央和地方各级机关担任领导；[涂装工]在各级政府及其工作机构中担任领导
2-02-30-05,再生资源工程技术人员L,4-01-04,再生物资回收人员,0.8932,POTENTIALLY_CONFUSED,[再生资源工程技术人员L]是研发设计，；[再生物资回收人员]是体力回收。
2-02-10-08,信息系统运行维护工程技术人员S,4-04-05-09,信息系统适配验证师S,0.8931,POTENTIALLY_CONFUSED,[信息系统运行维护工程技术人员S]重运行维护，；[信息系统适配验证师S]重异构适配验证
2-02-06-03,化工生产工程技术人员,4-08-10-02,化工生产现场技术员,0.893,POTENTIALLY_CONFUSED,[化工生产工程技术人员]工程技术人员偏向规程制定；[化工生产现场技术员]现场技术员偏向实操管控
6-24-08,电气信号设备装置制造人员,6-29-03-10,轨道交通信号工,0.8929,POTENTIALLY_CONFUSED,[电气信号设备装置制造人员]制造设备，；[轨道交通信号工]安装维护设备
2-02-01,地质勘探工程技术人员,4-08-07,地质勘查人员,0.8928,POTENTIALLY_CONFUSED,[地质勘探工程技术人员]主要为需要做技术分析的工程技术人员，勘探目标更聚焦于有开发价值的矿产油气；[地质勘查人员]主要为动脑做实地操作的工人和调查员，勘探目标除了矿产也包括地下水普通岩石地层等对象更宽泛的基础地质要素。
2-02-20-03,园林绿化工程技术人员L,4-09-10-01,园林绿化工L,0.8928,POTENTIALLY_CONFUSED,[园林绿化工程技术人员L]技术人员重规划设计；[园林绿化工L]工人重施工养护
6-24-08-00,轨道交通通信信号设备制造工,6-29-03-10,轨道交通信号工,0.8926,POTENTIALLY_CONFUSED,[轨道交通通信信号设备制造工]制造工在工厂组装；[轨道交通信号工]信号工在现场施工
2-02-30-05,再生资源工程技术人员L,6-27-01-00,再生物资加工处理工L,0.8916,POTENTIALLY_CONFUSED,[再生资源工程技术人员L]是研发设计，；[再生物资加工处理工L]是操作执行
6-11-07,合成橡胶生产人员,6-14-01,橡胶制品生产人员,0.8915,POTENTIALLY_CONFUSED,[合成橡胶生产人员]产橡胶原料，；[橡胶制品生产人员]用橡胶做产品。
2-02-36-05,塑料加工工程技术人员,6-14-02,塑料制品加工人员,0.8915,POTENTIALLY_CONFUSED,[塑料加工工程技术人员]技术人员搞研发设计；[塑料制品加工人员]加工人员搞操作生产
6-09-01-07,墨水墨汁制造工,6-11-05-03,颜料生产工,0.8913,POTENTIALLY_CONFUSED,[墨水墨汁制造工]制成品(墨水)，；[颜料生产工]制原料(颜料)
6-23-01,轨道交通运输设备制造人员,6-30-02,轨道交通运输机械设备操作人员,0.8908,POTENTIALLY_CONFUSED,[轨道交通运输设备制造人员]制造机车车辆、动车组及铁路器材；[轨道交通运输机械设备操作人员]从事铁路城轨运输调度及信号操作
2-06-12-05,版权管理专业人员,4-13-01-09,版权经纪人,0.8906,POTENTIALLY_CONFUSED,[版权管理专业人员]接受委托从事版权代理、交易撮合和授权谈判；[版权经纪人]
2-03-08,水产技术人员,5-04-02,水产养殖人员,0.8905,POTENTIALLY_CONFUSED,[水产技术人员]技术人员重研发开发；[水产养殖人员]养殖人员重饲养管理
5-05-05-02,农机修理工,6-31-01-02,机修钳工,0.8902,POTENTIALLY_CONFUSED,[农机修理工]农机修农机；[机修钳工]钳工修通用设备
2-02-27-07,碳管理工程技术人员L,4-09-07-04,碳排放管理员L,0.8902,POTENTIALLY_CONFUSED,[碳管理工程技术人员L]侧重战略研发设计，；[碳排放管理员L]侧重监测核算交易
6-10-01-05,石脑油加工工,6-11-02-11,脂肪烃生产工,0.89,POTENTIALLY_CONFUSED,[石脑油加工工]产芳烃/汽油，[脂肪烃生产工]产烷烯炔烃。[石脑油加工工]以石脑油为原料做裂解或深加工；[脂肪烃生产工]以生产乙烯、丙烯等脂肪烃为核心目标。
2-05-07-02,口腔修复技师,4-14-03-02,口腔修复体制作师,0.8897,POTENTIALLY_CONFUSED,[口腔修复技师]含诊疗科普，；[口腔修复体制作师]纯粹是制作加工
2-03-08-01,水产养殖技术人员,5-04-02-01,水生动物饲养工,0.8897,POTENTIALLY_CONFUSED,[水产养殖技术人员]技术人员搞研发推广；[水生动物饲养工]饲养工负责具体操作
2-10-08,考古及文物保护专业人员,4-13-03-02,文物修复师,0.889,POTENTIALLY_CONFUSED,[考古及文物保护专业人员]是综合研究与管理，；[文物修复师]是具体修复操作
2-03-02,农业技术指导人员,5-05-01,农业生产服务人员,0.8889,POTENTIALLY_CONFUSED,[农业技术指导人员]指导人员偏咨询开发；[农业生产服务人员]服务人员偏实操服务
6-18-04-06,工具钳工,6-20-01-01,装配钳工,0.8885,POTENTIALLY_CONFUSED,[工具钳工]工具钳工造模具；[装配钳工]装配钳工组零件
2-06-07-11,经纪与代理专业人员,4-01-03-04,二手车经纪人,0.8878,POTENTIALLY_CONFUSED,[经纪与代理专业人员]是通用类，；[二手车经纪人]是二手车专项类。
2-02-31-05,纤维质量检验工程技术人员,4-08-05-02,纤维检验员,0.8877,POTENTIALLY_CONFUSED,[纤维质量检验工程技术人员]工程技术人员重研发标准；[纤维检验员]检验员重执行检验
2-03-09-00,农业工程技术人员,5-05-05,农机化服务人员,0.8876,POTENTIALLY_CONFUSED,[农业工程技术人员]技术人员搞规划设计；[农机化服务人员]服务人员搞操作维修
2-02-07,机械工程技术人员,6-26-01-01,仪器仪表制造工,0.887,POTENTIALLY_CONFUSED,[机械工程技术人员]从事机械设计与制造技术管理；[仪器仪表制造工]从事仪器仪表加工装配和调试检测
2-06-08,人力资源专业人员,4-07-03,人力资源服务人员,0.887,POTENTIALLY_CONFUSED,[人力资源专业人员]从事机械设计与制造技术管理；[人力资源服务人员]从事仪器仪表加工装配和调试检测
6-15-06-01,耐火原料加工成型工,6-18-04-03,磨料制造工,0.8868,POTENTIALLY_CONFUSED,[耐火原料加工成型工]产出的是耐火材料原料或坯体；[磨料制造工]产出的是砂轮、磨粒等磨料产品。
6-20-05-07,制冷空调设备装配工,6-29-03-05,制冷空调系统安装维修工,0.8867,POTENTIALLY_CONFUSED,[制冷空调设备装配工]装配工在工厂造设备；[制冷空调系统安装维修工]安装维修工在现场装系统
2-02-01-04,地质矿产调查工程技术人员,4-08-07,地质勘查人员,0.886,POTENTIALLY_CONFUSED,[地质矿产调查工程技术人员]侧重工程技术与标准，；[地质勘查人员]侧重基础地质调查
3-01-03-02,劳动人事争议仲裁员,3-03-01-01,仲裁员,0.8859,POTENTIALLY_CONFUSED,[劳动人事争议仲裁员]专攻劳动人事，；[仲裁员]涵盖民商事纠纷。
6-11-08-10,有机硅生产工,6-17-08-02,多晶硅制取工,0.8857,POTENTIALLY_CONFUSED,[有机硅生产工]有机硅产产品；[多晶硅制取工]多晶硅制高纯硅
4-08-02,海洋服务人员,4-09-02,水文服务人员,0.8857,POTENTIALLY_CONFUSED,[海洋服务人员]海洋看海；[水文服务人员]水文看河湖
1-01-00-01,中国共产党机关负责人,1-02-04-00,监察机关负责人,0.8855,POTENTIALLY_CONFUSED,[中国共产党机关负责人]党机关管党务；[监察机关负责人]监察机关管监督
1-01-00,中国共产党机关和基层组织负责人,1-02-04,监察机关负责人,0.8855,POTENTIALLY_CONFUSED,[中国共产党机关和基层组织负责人]党机关管党务；[监察机关负责人]监察机关管监督
1-01-00,中国共产党机关和基层组织负责人,1-02-04-00,监察机关负责人,0.8855,POTENTIALLY_CONFUSED,[中国共产党机关和基层组织负责人]党机关管党务；[监察机关负责人]监察机关管监督
1-01-00-01,中国共产党机关负责人,1-02-04,监察机关负责人,0.8855,POTENTIALLY_CONFUSED,[中国共产党机关负责人]党机关管党务；[监察机关负责人]监察机关管监督
2-02-18-02,土木建筑工程技术人员,6-29-01-06,装配式建筑施工员,0.8852,POTENTIALLY_CONFUSED,[土木建筑工程技术人员]是综合管理，；[装配式建筑施工员]是专项安装、施工。
2-03-03-00,植物保护技术人员L,4-09-09-00,有害生物防制员L,0.8851,POTENTIALLY_CONFUSED,[植物保护技术人员L]护植物，；[有害生物防制员L]除害虫
2-05-05-03,公共卫生医师,4-14-04-03,公共场所卫生管理员,0.8845,POTENTIALLY_CONFUSED,[公共卫生医师]医师侧重专业监测评价；[公共场所卫生管理员]管理员侧重制度管理
2-02-02-02,工程测量工程技术人员S,4-08-03-04,工程测量员S,0.884,POTENTIALLY_CONFUSED,[工程测量工程技术人员S]技术人员重设计组织；[工程测量员S]测量员重仪器操作
2-06-08-01,人力资源管理专业人员,4-07-03-04,企业人力资源管理师,0.8839,POTENTIALLY_CONFUSED,[人力资源管理专业人员]涉及人力资源“发展规划”等偏宏观、战略的管理型职责和”组；[企业人力资源管理师]（特征待补充）
2-05-07-09,消毒技师,4-14-04-02,消毒员,0.8831,POTENTIALLY_CONFUSED,[消毒技师]技师侧重监测指导；[消毒员]员侧重执行操作
6-20-02-03,汽轮机装配调试工,6-29-03-07,发电设备安装工,0.8829,POTENTIALLY_CONFUSED,[汽轮机装配调试工]专攻汽轮机装配，；[发电设备安装工]涵盖全类发电设备安装
4-14-99,其他健康、体育和休闲服务人员,4-99-00,其他社会生产服务和生活服务人员,0.8828,POTENTIALLY_CONFUSED,[其他健康、体育和休闲服务人员]是健康、体育、休闲服务子类的兜底项；[其他社会生产服务和生活服务人员]是整个社会生产服务和生活服务大类的兜底项。
6-18-01-04,磨工,6-20-01-03,齿轮制造工,0.8825,POTENTIALLY_CONFUSED,[磨工]磨工主磨表面；[齿轮制造工]齿轮工主切齿形
6-09-03-03,陶瓷工艺品制作师,6-15-05-02,陶瓷成型施釉工,0.8821,POTENTIALLY_CONFUSED,[陶瓷工艺品制作师]制作师重彩绘雕塑；[陶瓷成型施釉工]成型工重机械施釉
4-08-02-03,海洋水文调查员L,4-09-02-01,水文勘测工,0.882,POTENTIALLY_CONFUSED,[海洋水文调查员L]海测温盐深，；[水文勘测工]水测流量泥沙
2-02-22-01,海洋调查与监测工程技术人员L/S,4-08-03-06,海洋测绘员L/S,0.882,POTENTIALLY_CONFUSED,[海洋调查与监测工程技术人员L/S]调查监测重环境；[海洋测绘员L/S]测绘重水深海图
6-26-01-01,仪器仪表制造工,6-29-03-02,电气设备安装工,0.882,POTENTIALLY_CONFUSED,[仪器仪表制造工]造仪表，；[电气设备安装工]装设备
2-02-34-02,工业设计工程技术人员S,4-08-08-26,工业设计工艺师S,0.8816,POTENTIALLY_CONFUSED,[工业设计工程技术人员S]侧重工程实现，；[工业设计工艺师S]侧重方案设计
2-06-11,证券期货基金专业人员,4-05-02,证券期货服务人员,0.8813,POTENTIALLY_CONFUSED,[证券期货基金专业人员]更偏证券、期货、基金业务的分析、投资、咨询、销售等专业活动；[证券期货服务人员]偏开户、清算、客服、柜台等服务支撑。
2-02-29-02,计量工程技术人员,4-08-05-06,计量员,0.8807,POTENTIALLY_CONFUSED,[计量工程技术人员]技术人员管标准；[计量员]计量员做执行
2-09-03,电影电视制作专业人员,4-13-02,广播、电视、电影和影视录音制作人员,0.8806,POTENTIALLY_CONFUSED,[电影电视制作专业人员]侧重制作发行，；[广播、电视、电影和影视录音制作人员]侧重内容播出。
6-17-09-10,铸轧工,6-18-02-01,铸造工,0.8804,POTENTIALLY_CONFUSED,[铸轧工]铸轧是铸造+轧制；[铸造工]铸造仅是浇注成型
6-15-01-06,预拌混凝土生产工,6-29-01-03,混凝土工,0.88,POTENTIALLY_CONFUSED,[预拌混凝土生产工]预拌在工厂产；[混凝土工]混凝土工在现场浇
2-02-34-01,产品设计工程技术人员,4-08-08-13,陶瓷产品设计师,0.8797,POTENTIALLY_CONFUSED,[产品设计工程技术人员]是全行业通用设计，；[陶瓷产品设计师]是陶瓷专项设计
2-06-99,其他经济和金融专业人员,4-05-99,其他金融服务人员,0.8792,POTENTIALLY_CONFUSED,[其他经济和金融专业人员]属第2大类经济和金融专业人员兜底；[其他金融服务人员]属第4大类金融服务操作人员兜底
2-06-07-10,物业经营管理专业人员,4-06-01,物业管理服务人员,0.879,POTENTIALLY_CONFUSED,[物业经营管理专业人员]管理人员管经营，服务人员管维护；[物业管理服务人员]前者运营策划，后者现场服务
2-02-20-02,森林培育工程技术人员L,5-02-02,营造林人员,0.8789,POTENTIALLY_CONFUSED,[森林培育工程技术人员L]侧重技术研发与管理，；[营造林人员]侧重一线执行。
2-02-10-08,信息系统运行维护工程技术人员S,4-04-04-02,网络与信息安全管理员S,0.8787,POTENTIALLY_CONFUSED,[信息系统运行维护工程技术人员S]侧重系统运维，；[网络与信息安全管理员S]侧重安全防护与审计
6-20-02-01,锅炉设备制造工,6-29-03-06,锅炉设备安装工,0.8783,POTENTIALLY_CONFUSED,[锅炉设备制造工]制造是做锅炉；[锅炉设备安装工]安装是把锅炉装好
6-11-07-00,合成橡胶生产工,6-14-01-01,橡胶制品生产工,0.8783,POTENTIALLY_CONFUSED,[合成橡胶生产工]产橡胶原料，；[橡胶制品生产工]用橡胶造制品
2-07-09-00,法律顾问,3-01-04-05,基层法律服务工作者,0.8782,POTENTIALLY_CONFUSED,[法律顾问]顾问在单位内部，服务者在所里执业；[基层法律服务工作者]前者为特定单位服务，后者面向基层大众
2-02-10-08,信息系统运行维护工程技术人员S,4-04-04-06,密码技术应用员S,0.8781,POTENTIALLY_CONFUSED,[信息系统运行维护工程技术人员S]侧重通用运维，；[密码技术应用员S]侧重密码安全专项。
2-06-06,资产和资源评估专业人员,4-05-05-02,资产管理师,0.878,POTENTIALLY_CONFUSED,[资产和资源评估专业人员]评估看价值；[资产管理师]管理看运营
2-05-06-01,药师,4-14-01-01,医疗临床辅助服务员,0.8777,POTENTIALLY_CONFUSED,[药师]药师重专业药学指导；[医疗临床辅助服务员]辅助员重基础调配
2-02-20-03,园林绿化工程技术人员L,2-03-04-00,园艺技术人员L,0.8776,POTENTIALLY_CONFUSED,[园林绿化工程技术人员L]绿化重工程施工；[园艺技术人员L]园艺重育种研发
6-29-03-02,电气设备安装工,6-31-01-04,仪器仪表维修工,0.8775,POTENTIALLY_CONFUSED,[电气设备安装工]重安装敷设，；[仪器仪表维修工]重维护修理。前者侧重安装，后者侧重维修
6-04-06-02,纺织染色工,6-11-05-04,染料生产工,0.8772,POTENTIALLY_CONFUSED,[纺织染色工]染布，；[染料生产工]造染料
4-02-03-04,水上救生员,4-14-05-03,游泳救生员,0.877,POTENTIALLY_CONFUSED,[水上救生员]水上救生员偏向抢险，游泳救生员偏向看护；[游泳救生员]前者在开放水域救人和船，后者在室内游泳馆救人
5-01-01,作物种子(苗)繁育生产人员,5-02-01,林草种苗繁育人员,0.8764,POTENTIALLY_CONFUSED,[作物种子(苗)繁育生产人员]为农牧园艺，；[林草种苗繁育人员]为林草苗木。
4-09-99,其他水利、环境和公共设施管理服务人员,4-11-99,其他电力、燃气及水供应服务人员,0.8762,POTENTIALLY_CONFUSED,[其他水利、环境和公共设施管理服务人员]管设施管理，；[其他电力、燃气及水供应服务人员]供电燃气水服务
6-17-03-02,铸管工,6-18-02-01,铸造工,0.876,POTENTIALLY_CONFUSED,[铸管工]铸管专注管材；[铸造工]铸造涵盖全类铸件
6-04-02-01,纺纱工,6-13-02-01,纺丝工,0.8755,POTENTIALLY_CONFUSED,[纺纱工]纺纱是加工纤维；[纺丝工]纺丝是化学合成
6-24-08-00,轨道交通通信信号设备制造工,6-29-03-09,轨道交通通信工,0.8749,POTENTIALLY_CONFUSED,[轨道交通通信信号设备制造工]制造工在工厂组装；[轨道交通通信工]通信工在现场施工维护
2-02-38-06,工业互联网工程技术人员S,4-04-05-14,工业互联网运维员S,0.8747,POTENTIALLY_CONFUSED,[工业互联网工程技术人员S]工程技术人员重规划研发；[工业互联网运维员S]运维员重执行维护
6-17-10-01,硬质合金混合料工,6-18-02-06,粉末冶金制品制造工,0.8746,POTENTIALLY_CONFUSED,[硬质合金混合料工]配料制粉，；[粉末冶金制品制造工]压制成型制成品
2-02-18-02,土木建筑工程技术人员,6-29-02,土木工程建筑施工人员,0.8743,POTENTIALLY_CONFUSED,[土木建筑工程技术人员]为管理技术员，；[土木工程建筑施工人员]为一线施工员
6-01-01-03,制油工,6-10-01-07,润滑油脂生产工,0.874,POTENTIALLY_CONFUSED,[制油工]加工植物油料，制取食用油脂；[润滑油脂生产工]加工石油馏分，产工业润滑油石蜡沥青
6-11-02,基础化学原料制造人员,6-12-01,化学药品原料药制造人员,0.8739,POTENTIALLY_CONFUSED,[基础化学原料制造人员]基础化学看原料；[化学药品原料药制造人员]药品原料看药典
2-02-16,民用航空工程技术人员,6-30-03,民用航空设备操作及有关人员,0.8737,POTENTIALLY_CONFUSED,[民用航空工程技术人员]技术人员重维修生产，操作员重保障运行；[民用航空设备操作及有关人员]前者设计研究，后者执行操作
2-02-15-03,水上交通工程技术人员,2-04-02-01,甲板部技术人员,0.8736,POTENTIALLY_CONFUSED,[水上交通工程技术人员]是监管者，；[甲板部技术人员]是操作者。
2-02-04,石油天然气工程技术人员,6-16-02,石油和天然气开采与储运人员,0.8735,POTENTIALLY_CONFUSED,[石油天然气工程技术人员]技术人员重研究设计；[石油和天然气开采与储运人员]开采储运人员重操作
6-15-07-01,炭素煅烧工,6-17-05-02,重金属物料焙烧工,0.8733,POTENTIALLY_CONFUSED,[炭素煅烧工]炭素原料，；[重金属物料焙烧工]重金属物料
2-09-03-03,电影电视摄影师,4-13-02-09,电视摄像员,0.8731,POTENTIALLY_CONFUSED,[电影电视摄影师]参与剧本镜头设计，进行影视艺术造型创作；[电视摄像员]操作摄像器材，执行新闻广告现场拍摄记录
6-11-09-04,火工品管理工,6-29-02-07,爆破工,0.8725,POTENTIALLY_CONFUSED,[火工品管理工]管理工管物资；[爆破工]爆破工负责起爆
2-09-06-06,工艺美术专业人员,4-08-08-05,工艺美术品设计师,0.8724,POTENTIALLY_CONFUSED,[工艺美术专业人员]专业人员涵盖制作；[工艺美术品设计师]设计师侧重设计与指导
2-02-28,安全工程技术人员,6-31-06-00,安全员,0.8721,POTENTIALLY_CONFUSED,[安全工程技术人员]技术人员重设计评估；[安全员]安全员重现场监督
2-02-27-01,环境监测工程技术人员L,4-08-06-00,环境监测员L,0.8718,POTENTIALLY_CONFUSED,[环境监测工程技术人员L]技术人员重评价分析；[环境监测员L]监测员重采样分析
2-02-01-01,地质实验测试工程技术人员,4-08-07-05,地质实验员,0.8717,POTENTIALLY_CONFUSED,[地质实验测试工程技术人员]技术人员重研究标准；[地质实验员]实验员重操作执行
2-05-08-05,社区护士,4-14-04-04,社群健康助理员,0.8708,POTENTIALLY_CONFUSED,[社区护士]护士重医疗操作；[社群健康助理员]助理员重服务代理
5-01-01-02,种苗繁育员,5-02-01,林草种苗繁育人员,0.8707,POTENTIALLY_CONFUSED,[种苗繁育员]为农作物，；[林草种苗繁育人员]为林草植物。
4-01-02-03,商品营业员,4-02-06-02,理货员,0.8707,POTENTIALLY_CONFUSED,[商品营业员]营业员侧重销售服务；[理货员]理货员侧重仓储物流
2-02-07,机械工程技术人员,6-31-01-04,仪器仪表维修工,0.8705,POTENTIALLY_CONFUSED,[机械工程技术人员]侧重设计制造，；[仪器仪表维修工]侧重维护修理。
2-03-08-01,水产养殖技术人员,5-04-02,水产养殖人员,0.8705,POTENTIALLY_CONFUSED,[水产养殖技术人员]技术人员重研发推广；[水产养殖人员]养殖人员重日常饲养
2-01-07-00,农业科学研究人员,2-03-05-00,作物遗传育种栽培技术人员,0.8704,POTENTIALLY_CONFUSED,[农业科学研究人员]为综合研究，；[作物遗传育种栽培技术人员]为作物育种栽培专项
3-01-02-07,制图员,4-08-03-03,地图绘制员,0.8702,POTENTIALLY_CONFUSED,[制图员]绘制工程机械等技术图样和底图；[地图绘制员]设计编制地图出版原图和数字地图
6-20-04-00,电梯装配调试工,6-29-03-03,电梯安装维修工,0.87,POTENTIALLY_CONFUSED,[电梯装配调试工]装配侧重出厂组装；[电梯安装维修工]安装维修侧重现场部署与售后
4-01-99,其他批发与零售服务人员,4-99-00,其他社会生产服务和生活服务人员,0.87,POTENTIALLY_CONFUSED,[其他批发与零售服务人员]属零售贸易，；[其他社会生产服务和生活服务人员]属社会生活服务。
2-02-05,冶金工程技术人员,6-18-02,机械热加工人员,0.8698,POTENTIALLY_CONFUSED,[冶金工程技术人员]侧重冶炼工艺，；[机械热加工人员]侧重加工成型。
2-02-34-02,工业设计工程技术人员S,4-08-08,专业化设计服务人员,0.8697,POTENTIALLY_CONFUSED,[工业设计工程技术人员S]研究产品功能结构与包装的产业化方案；[专业化设计服务人员]从事环境、产品和广告等视觉设计服务
2-02-20-10,林业资源调查与监测工程技术人员L,2-06-06-03,森林资源评估专业人员L,0.8692,POTENTIALLY_CONFUSED,[林业资源调查与监测工程技术人员L]研究产品功能结构与包装的产业化方案；[森林资源评估专业人员L]从事环境、产品和广告等视觉设计服务
2-09-04-01,灯光师,4-13-02-07,照明工,0.869,POTENTIALLY_CONFUSED,[灯光师]灯光师偏设计管理；[照明工]照明工偏安装操作
6-20-01-01,装配钳工,6-31-01-02,机修钳工,0.869,POTENTIALLY_CONFUSED,[装配钳工]装配是新造；[机修钳工]机修是旧修
6-11-09,火工品制造、保管、爆破及焰火产品制造人员,6-29-02-07,爆破工,0.8686,POTENTIALLY_CONFUSED,[火工品制造、保管、爆破及焰火产品制造人员]造保管，；[爆破工]实操爆破
2-01-99,其他科学研究人员,2-99-00,其他专业技术人员,0.8685,POTENTIALLY_CONFUSED,[其他科学研究人员]科学研究员侧重科研；[其他专业技术人员]专业技术员侧重应用
6-04-01,纤维预处理人员,6-13-02,化学纤维纺丝及后处理人员,0.8685,POTENTIALLY_CONFUSED,[纤维预处理人员]预处理，；[化学纤维纺丝及后处理人员]纺丝后处理，关注工序阶段
6-17-10-02,硬质合金成型工,6-18-02-06,粉末冶金制品制造工,0.8683,POTENTIALLY_CONFUSED,[硬质合金成型工]侧重成型，；[粉末冶金制品制造工]涵盖制粉到烧结全流程。
2-02-02-06,地理国情监测工程技术人员L/S,4-08-04-03,地理信息应用作业员L,0.8683,POTENTIALLY_CONFUSED,[地理国情监测工程技术人员L/S]设计指导，；[地理信息应用作业员L]执行生产
6-04-06,印染人员,6-08-01,印刷人员,0.868,POTENTIALLY_CONFUSED,[印染人员]印染是染布；[印刷人员]印刷是印纸
2-07-04-00,律师,3-01-04-05,基层法律服务工作者,0.8676,POTENTIALLY_CONFUSED,[律师]律师执业证全能；[基层法律服务工作者]基层证仅限基层所
2-03-06,兽医兽药技术人员,5-05-02-03,动物疫病防治员,0.8672,POTENTIALLY_CONFUSED,[兽医兽药技术人员]技术员偏向监管推广；[动物疫病防治员]防治员偏向一线操作
2-02-01-04,地质矿产调查工程技术人员,4-08-07-04,地质调查员L,0.8671,POTENTIALLY_CONFUSED,[地质矿产调查工程技术人员]侧重矿产勘查评价，；[地质调查员L]侧重基础与灾害调查
2-02-28-03,安全生产管理工程技术人员,6-31-06,安全生产管理人员,0.867,POTENTIALLY_CONFUSED,[安全生产管理工程技术人员]技术人员重规划方案；[安全生产管理人员]管理人员重现场监督
4-06-99,其他房地产服务人员,4-07-99,其他租赁和商务服务人员,0.8664,POTENTIALLY_CONFUSED,[其他房地产服务人员]房产服务看房产；[其他租赁和商务服务人员]商务服务看综合租赁
2-02-20-04,野生动植物保护利用工程技术人员L,4-09-06-01,野生动物保护员L,0.8662,POTENTIALLY_CONFUSED,[野生动植物保护利用工程技术人员L]技术人员重规划研究；[野生动物保护员L]保护员重巡护执行
2-03-02-00,农业技术指导人员,5-05-01,农业生产服务人员,0.8662,POTENTIALLY_CONFUSED,[农业技术指导人员]指导人员重技术研发；[农业生产服务人员]服务人员重生产实操
2-02-35-02,假肢师,6-21-06-03,假肢装配工,0.8661,POTENTIALLY_CONFUSED,[假肢师]师负责设计评定；[假肢装配工]工负责制作组装
2-10-99,其他新闻出版、文化专业人员,4-13-99,其他文化和教育服务人员,0.8659,POTENTIALLY_CONFUSED,[其他新闻出版、文化专业人员]专业人员看资质；[其他文化和教育服务人员]服务人员看执行
6-18-02,机械热加工人员,6-20-03,金属加工机械制造人员,0.8658,POTENTIALLY_CONFUSED,[机械热加工人员]加工零件，；[金属加工机械制造人员]组装机床
2-02-38-13,密码工程技术人员S,4-04-04-06,密码技术应用员S,0.8657,POTENTIALLY_CONFUSED,[密码工程技术人员S]工程侧重研发实现，应用侧重部署运维；[密码技术应用员S]前者研发设计，后者部署应用
6-02-05-05,酶制剂制造工,6-12-05-02,发酵工程制药工,0.8655,POTENTIALLY_CONFUSED,[酶制剂制造工]酶制剂产工业品；[发酵工程制药工]发酵制药产药品
6-29-03-01,机械设备安装工,6-31-01-02,机修钳工,0.8652,POTENTIALLY_CONFUSED,[机械设备安装工]重安装调试，；[机修钳工]重维护修理。前者安装，后者维修
6-29-03-02,电气设备安装工,6-31-01-03,电工,0.865,POTENTIALLY_CONFUSED,[电气设备安装工]安装工重安装调试；[电工]电工重维护修理
2-02-31,检验检疫工程技术人员,6-31-03-05,质检员,0.865,POTENTIALLY_CONFUSED,[检验检疫工程技术人员]检疫侧重出入境监管；[质检员]质检侧重生产质量
6-20-06-04,电动工具制造工,6-24-01-00,电机制造工,0.8649,POTENTIALLY_CONFUSED,[电动工具制造工]造工具成品，；[电机制造工]造电机核心部件
6-17-10-03,硬质合金烧结工,6-18-02-06,粉末冶金制品制造工,0.8647,POTENTIALLY_CONFUSED,[硬质合金烧结工]专攻烧结，；[粉末冶金制品制造工]涵盖制粉压制全流程。
6-24-08-00,轨道交通通信信号设备制造工,6-25-04-01,通信系统设备制造工,0.8646,POTENTIALLY_CONFUSED,[轨道交通通信信号设备制造工]轨交专用，；[通信系统设备制造工]通用通信，领域不同。
2-02-25-05,人工影响天气工程技术人员S,4-08-01-02,人工影响天气特种作业操作员,0.8643,POTENTIALLY_CONFUSED,[人工影响天气工程技术人员S]技术人员管预报指挥；[人工影响天气特种作业操作员]操作员管发射执行
2-04-02-01,甲板部技术人员,6-30-04-01,船舶甲板设备操作工,0.8642,POTENTIALLY_CONFUSED,[甲板部技术人员]技术人员管指挥；[船舶甲板设备操作工]操作工管干活
2-09-07-05,体育经理人,4-14-05-05,体育经纪人,0.8641,POTENTIALLY_CONFUSED,[体育经理人]经理管运营；[体育经纪人]经纪人做中介
2-07-11-04,养老服务师,4-10-01-05,养老护理员,0.864,POTENTIALLY_CONFUSED,[养老服务师]服务师侧重管理评估；[养老护理员]护理员侧重生活照料
2-02-22,海洋工程技术人员,4-08-02,海洋服务人员,0.8637,POTENTIALLY_CONFUSED,[海洋工程技术人员]技术人员偏向工程设计；[海洋服务人员]服务人员偏向监测观测
6-11-05-01,涂料生产工,6-18-03-03,涂装工,0.8637,POTENTIALLY_CONFUSED,[涂料生产工]生产工造漆，涂装工刷漆；[涂装工]前者生产涂料，后者使用涂料
6-29-03-08,电力电气设备安装工,6-31-01-03,电工,0.8633,POTENTIALLY_CONFUSED,[电力电气设备安装工]安装工重安装调试；[电工]电工重维护修理
2-02-04-01,石油天然气开采工程技术人员,6-16-02,石油和天然气开采与储运人员,0.8631,POTENTIALLY_CONFUSED,[石油天然气开采工程技术人员]为研发设计，；[石油和天然气开采与储运人员]为现场操作。
2-06-07-02,市场营销专业人员,4-01-02-01,营销员,0.8631,POTENTIALLY_CONFUSED,[市场营销专业人员]专业人员重策划管理；[营销员]营销员重执行销售
5-05-06-04,植物原料制取工,6-11-08-18,植物原料水解工,0.8631,POTENTIALLY_CONFUSED,[植物原料制取工]制取重在提取；[植物原料水解工]水解重在发酵酒精酵母
5-05-06-08,代用茶加工工,6-02-06-10,茶叶加工工,0.863,POTENTIALLY_CONFUSED,[代用茶加工工]代用茶非茶；[茶叶加工工]茶叶是真茶
2-03-02,农业技术指导人员,5-05-01-01,农业技术员,0.863,POTENTIALLY_CONFUSED,[农业技术指导人员]指导人员偏向咨询开发；[农业技术员]技术员偏向实操推广
6-10-01-06,炼厂气加工工,6-11-02-12,芳香烃生产工,0.8626,POTENTIALLY_CONFUSED,[炼厂气加工工]气加工产气液；[芳香烃生产工]芳香烃产苯甲萘
6-25-04,电子设备装配调试人员,6-26-01,仪器仪表装配人员,0.8624,POTENTIALLY_CONFUSED,[电子设备装配调试人员]设备侧重系统集成；[仪器仪表装配人员]仪表侧重精密元件
2-02-20-05,自然保护区工程技术人员L,4-09-06,野生动植物保护人员,0.8623,POTENTIALLY_CONFUSED,[自然保护区工程技术人员L]侧重规划监测，；[野生动植物保护人员]侧重培育繁殖。
6-29-03-06,锅炉设备安装工,6-31-01-05,锅炉设备检修工,0.8622,POTENTIALLY_CONFUSED,[锅炉设备安装工]安装是新造；[锅炉设备检修工]检修是维护
4-03-02-06,营养配餐员,4-14-02-01,营养师,0.8618,POTENTIALLY_CONFUSED,[营养配餐员]侧重营养需求调查和食谱设计；[营养师]侧重膳食评估、营养指导和公共健康传播
2-06-09,银行专业人员,4-05-01,银行服务人员,0.8617,POTENTIALLY_CONFUSED,[银行专业人员]侧重营养需求调查和食谱设计；[银行服务人员]侧重膳食评估、营养指导和公共健康传播
6-11-02-14,芳香烃衍生物生产工,6-12-01-00,化学合成制药工,0.8617,POTENTIALLY_CONFUSED,[芳香烃衍生物生产工]前者产化工原料；[化学合成制药工]后者产药用成分
2-06-07-11,经纪与代理专业人员,4-01-02-01,营销员,0.8616,POTENTIALLY_CONFUSED,[经纪与代理专业人员]经纪侧重中介撮合；[营销员]营销侧重产品销售
6-10-01-08,石油产品精制工,6-11-02-14,芳香烃衍生物生产工,0.8615,POTENTIALLY_CONFUSED,[石油产品精制工]生产石油产品精制；[芳香烃衍生物生产工]生产芳香烃衍生物。
2-02-21-01,水文水资源工程技术人员L,4-09-02-01,水文勘测工,0.8615,POTENTIALLY_CONFUSED,[水文水资源工程技术人员L]技术人员重规划分析，勘测工重现场监测；[水文勘测工]技术人员重调查、监测与评价、水资源开发利用、配置调度
3-01-02-04,收发员,4-02-07-04,邮政投递员,0.8611,POTENTIALLY_CONFUSED,[收发员]收发员在内；[邮政投递员]投递员在外
2-02-20-11,园林植物保护工程技术人员L,2-03-04-00,园艺技术人员L,0.8599,POTENTIALLY_CONFUSED,[园林植物保护工程技术人员L]侧重有害生物测报、检疫、防治；[园艺技术人员L]侧重育种栽培管理。
2-10-04-02,节目主持人,4-13-01-02,礼仪主持人,0.8598,POTENTIALLY_CONFUSED,[节目主持人]主持各类媒体节目，策划采访驾驭进程；[礼仪主持人]策划推进礼仪活动程序，营造现场氛围
2-02-05-09,稀土工程技术人员,6-17-07-04,稀土冶炼工,0.8593,POTENTIALLY_CONFUSED,[稀土工程技术人员]技术人员搞研发设计；[稀土冶炼工]冶炼工负责设备操作
2-06-07-10,物业经营管理专业人员,4-06-01-01,物业管理师,0.8591,POTENTIALLY_CONFUSED,[物业经营管理专业人员]侧重物业的经营管理及评估，；[物业管理师]侧重物业服务的运维
2-02-10-03,计算机软件工程技术人员S,4-04-05-02,计算机软件测试员S,0.8589,POTENTIALLY_CONFUSED,[计算机软件工程技术人员S]全生命周期开发，；[计算机软件测试员S]仅负责验证测试。
6-11-01,化工产品生产通用工艺人员,6-12-01,化学药品原料药制造人员,0.8584,POTENTIALLY_CONFUSED,[化工产品生产通用工艺人员]侧重化工产品通用工艺，；[化学药品原料药制造人员]侧重化学药品的原料药
6-01-06-00,果蔬坚果加工工,6-02-03-03,罐头食品加工工,0.8584,POTENTIALLY_CONFUSED,[果蔬坚果加工工]重农副产品（果蔬坚果）的简单加工，；[罐头食品加工工]重方便食品的生产加工
6-24-02-03,电力电容器及其装置制造工,6-25-01-01,电容器制造工,0.8582,POTENTIALLY_CONFUSED,[电力电容器及其装置制造工]制造输配电用电力电容器及其成套装置；[电容器制造工]制造通用的固定和可变电容器元件
6-16-02-10,天然气处理工,6-28-02-04,工业气体液化工,0.8579,POTENTIALLY_CONFUSED,[天然气处理工]制造输配电用电力电容器及其成套装置；[工业气体液化工]制造通用的固定和可变电容器元件
2-02-35-01,矫形器师,6-21-06-02,矫形器装配工,0.8576,POTENTIALLY_CONFUSED,[矫形器师]师负责设计方案；[矫形器装配工]工负责具体制作安装
6-16-01-14,矿石处理工,6-17-04-01,铁合金原料工,0.8573,POTENTIALLY_CONFUSED,[矿石处理工]破碎磨矿分级，处理通用矿石原料；[铁合金原料工]磁选配料压型，加工铁合金专用原料
6-20-02-01,锅炉设备制造工,6-31-01-05,锅炉设备检修工,0.8572,POTENTIALLY_CONFUSED,[锅炉设备制造工]制造是做新锅炉；[锅炉设备检修工]检修是修旧锅炉
6-11-08-10,有机硅生产工,6-12-01-00,化学合成制药工,0.8571,POTENTIALLY_CONFUSED,[有机硅生产工]有机硅产硅；[化学合成制药工]制药工产药，看产品目标
6-09-03-03,陶瓷工艺品制作师,6-15-05,陶瓷制品制造人员,0.8571,POTENTIALLY_CONFUSED,[陶瓷工艺品制作师]工艺品重艺术创作；[陶瓷制品制造人员]制品重工业生产
2-06-11,证券期货基金专业人员,4-05-05,信托和资产管理服务人员,0.857,POTENTIALLY_CONFUSED,[证券期货基金专业人员]侧重交易销售，；[信托和资产管理服务人员]侧重信托管理
2-06-07-05,会展策划专业人员,2-09-06-09,陈列展览设计人员,0.8569,POTENTIALLY_CONFUSED,[会展策划专业人员]重策划组织，；[陈列展览设计人员]重空间设计布置
2-05-08,护理人员,4-14-01-02,医疗护理员,0.8566,POTENTIALLY_CONFUSED,[护理人员]护理人员专业医疗；[医疗护理员]护理员生活照护
2-02-25,气象工程技术人员,4-08-01,气象服务人员,0.8566,POTENTIALLY_CONFUSED,[气象工程技术人员]从事气象探测、研究、预报预测和应用开发；[气象服务人员]从事气象探测和预报的日常执行服务
6-20-03-01,机床装调维修工,6-31-01-10,机电设备维修工,0.8564,POTENTIALLY_CONFUSED,[机床装调维修工]从事气象探测、研究、预报预测和应用开发；[机电设备维修工]从事气象探测和预报的日常执行服务
4-10-01-05,养老护理员,4-14-01-02,医疗护理员,0.8563,POTENTIALLY_CONFUSED,[养老护理员]专为老年人提供生活照料和护理；[医疗护理员]在护士指导下为各类照护人群提供生活护理
6-15-01-02,水泥混凝土制品工,6-29-01-03,混凝土工,0.8562,POTENTIALLY_CONFUSED,[水泥混凝土制品工]专为老年人提供生活照料和护理；[混凝土工]在护士指导下为各类照护人群提供生活护理
2-02-38-09,集成电路工程技术人员S,6-25-02,电子器件制造人员,0.856,POTENTIALLY_CONFUSED,[集成电路工程技术人员S]是研发设计，；[电子器件制造人员]是生产制造
2-06-08,人力资源专业人员,4-07-03-04,企业人力资源管理师,0.856,POTENTIALLY_CONFUSED,[人力资源专业人员]为综合职能及管理，；[企业人力资源管理师]为具体执行操作。
2-02-11-01,电工电器工程技术人员,6-31-01-03,电工,0.8557,POTENTIALLY_CONFUSED,[电工电器工程技术人员]是研发设计，；[电工]是安装维护。
2-02-06-03,化工生产工程技术人员,6-11-01,化工产品生产通用工艺人员,0.8557,POTENTIALLY_CONFUSED,[化工生产工程技术人员]是技术指导与管理，；[化工产品生产通用工艺人员]是具体操作执行。
2-06-07,商务专业人员,4-07-02,商务咨询服务人员,0.8556,POTENTIALLY_CONFUSED,[商务专业人员]侧重综合商务，；[商务咨询服务人员]侧重专业咨询。
2-02-35-02,假肢师,6-21-06,医疗器械制品和康复辅具生产人员,0.8556,POTENTIALLY_CONFUSED,[假肢师]假肢师负责设计适配；[医疗器械制品和康复辅具生产人员]生产人员负责装配
6-11-08-03,化学试剂生产工,6-12-01-00,化学合成制药工,0.8555,POTENTIALLY_CONFUSED,[化学试剂生产工]试剂侧重通用化学品；[化学合成制药工]制药侧重药用成分
2-02-10-08,信息系统运行维护工程技术人员S,4-04-04-01,信息通信网络运行管理员S,0.8555,POTENTIALLY_CONFUSED,[信息系统运行维护工程技术人员S]侧重系统软件开发维护，；[信息通信网络运行管理员S]侧重网络设备运行。
6-18-04-06,工具钳工,6-31-01-02,机修钳工,0.8553,POTENTIALLY_CONFUSED,[工具钳工]工具钳工造具；[机修钳工]机修钳工修机
2-02-20-02,森林培育工程技术人员L,5-02-01,林草种苗繁育人员,0.8552,POTENTIALLY_CONFUSED,[森林培育工程技术人员L]侧重工程管理，；[林草种苗繁育人员]侧重种苗繁育
2-06-10,保险专业人员,4-05-03,保险服务人员,0.8551,POTENTIALLY_CONFUSED,[保险专业人员]从事精算、核保和理赔等专业决策业务；[保险服务人员]从事代理、保全和公估等业务执行工作
2-06-11-06,期货专业人员,4-05-02,证券期货服务人员,0.8551,POTENTIALLY_CONFUSED,[期货专业人员]从事精算、核保和理赔等专业决策业务；[证券期货服务人员]从事代理、保全和公估等业务执行工作
6-11-01-04,制冷工,6-28-02-06,压缩机操作工,0.8549,POTENTIALLY_CONFUSED,[制冷工]制冷工控温降温；[压缩机操作工]压缩机工仅加压输送
2-02-15,道路和水上运输工程技术人员,2-04-02-01,甲板部技术人员,0.8547,POTENTIALLY_CONFUSED,[道路和水上运输工程技术人员]是综合维护，；[甲板部技术人员]是船舶驾驶操作。
6-11-01-01,化工原料准备工,6-17-10-01,硬质合金混合料工,0.8546,POTENTIALLY_CONFUSED,[化工原料准备工]为通用化工配料，；[硬质合金混合料工]为金属粉末合金化。
2-04-02,船舶指挥和引航人员,6-30-04,水上运输设备操作及有关人员,0.8545,POTENTIALLY_CONFUSED,[船舶指挥和引航人员]为指挥、协调及引航，；[水上运输设备操作及有关人员]为水上运输设备的具体操作
2-10-05,翻译人员,4-13-01-08,手语翻译,0.8542,POTENTIALLY_CONFUSED,[翻译人员]包含手语翻译但有区别；[手语翻译]是翻译人员的特指子类
2-02-10,信息和通信工程技术人员,4-04-02,信息通信网络维护人员,0.854,POTENTIALLY_CONFUSED,[信息和通信工程技术人员]侧重研发设计，；[信息通信网络维护人员]侧重安装维护。
1-01-00-02,中国共产党基层组织负责人,1-06-01-03,国有企业中国共产党组织负责人,0.8539,POTENTIALLY_CONFUSED,[中国共产党基层组织负责人]是全行业基层，；[国有企业中国共产党组织负责人]专指国企
2-09-06-05,染织艺术设计人员,4-08-08-02,纺织面料设计师,0.8534,POTENTIALLY_CONFUSED,[染织艺术设计人员]染织侧重艺术风格；[纺织面料设计师]面料侧重组织质地
6-15-02-03,石材生产工,6-29-01-02,石工,0.8534,POTENTIALLY_CONFUSED,[石材生产工]侧重石材作为建筑材料的生产加工，；[石工]重石材作为房屋主体的工程施工。
2-02-23-03,化学纤维工程技术人员,6-13-01,化学纤维原料制造人员,0.8531,POTENTIALLY_CONFUSED,[化学纤维工程技术人员]技术人员搞研发工艺；[化学纤维原料制造人员]制造人员负责生产
2-04-01,飞行人员和领航人员,6-30-03,民用航空设备操作及有关人员,0.8531,POTENTIALLY_CONFUSED,[飞行人员和领航人员]是开飞机的，；[民用航空设备操作及有关人员]是保障飞行的。
2-03-06,兽医兽药技术人员,5-05-02-04,动物检疫检验员,0.8531,POTENTIALLY_CONFUSED,[兽医兽药技术人员]侧重诊疗推广，；[动物检疫检验员]侧重检疫出证。
2-02-30-08,信息管理工程技术人员S,4-04-04-03,信息通信信息化系统管理员S,0.8525,POTENTIALLY_CONFUSED,[信息管理工程技术人员S]侧重规划设计，；[信息通信信息化系统管理员S]侧重运行维护
4-01-02-01,营销员,4-04-01-01,信息通信营业员,0.8523,POTENTIALLY_CONFUSED,[营销员]侧重商品及生产资料的直接销售推广，；[信息通信营业员]负责信息通信营业厅
6-16-02-10,天然气处理工,6-28-02-02,气体深冷分离工,0.8522,POTENTIALLY_CONFUSED,[天然气处理工]侧重天然气净化，；[气体深冷分离工]侧重深冷分离气体
2-02-20-11,园林植物保护工程技术人员L,2-03-03,植物保护技术人员,0.8518,POTENTIALLY_CONFUSED,[园林植物保护工程技术人员L]专攻园林植物，；[植物保护技术人员]涵盖所有植物。
2-02-15-07,视觉航标工程技术人员,4-02-03-05,航标工,0.8518,POTENTIALLY_CONFUSED,[视觉航标工程技术人员]工程技术人员重建设维护；[航标工]航标工重操作值守
2-06-07-05,会展策划专业人员,4-07-07,会议及展览服务人员,0.8515,POTENTIALLY_CONFUSED,[会展策划专业人员]策划者主导方案；[会议及展览服务人员]服务人员执行布展
3-01-02-01,机要员,4-02-07-03,邮件转运员,0.8514,POTENTIALLY_CONFUSED,[机要员]机要员管保密；[邮件转运员]转运员管物流运输
6-23-01,轨道交通运输设备制造人员,6-24-08,电气信号设备装置制造人员,0.8511,POTENTIALLY_CONFUSED,[轨道交通运输设备制造人员]造车，；[电气信号设备装置制造人员]造信号电控设备
2-02-23,纺织服装工程技术人员,6-04-02,纺纱人员,0.851,POTENTIALLY_CONFUSED,[纺织服装工程技术人员]技术人员管工艺；[纺纱人员]纺纱人员做生产
2-09-06-09,陈列展览设计人员,4-08-08-21,会展设计师,0.8509,POTENTIALLY_CONFUSED,[陈列展览设计人员]陈列重策划内容；[会展设计师]会展重商业搭建
6-11-08,专用化学产品生产人员,6-12-01,化学药品原料药制造人员,0.8508,POTENTIALLY_CONFUSED,[专用化学产品生产人员]重专用化学品，；[化学药品原料药制造人员]重原料药
2-02-30-08,信息管理工程技术人员S,4-04-04-06,密码技术应用员S,0.8505,POTENTIALLY_CONFUSED,[信息管理工程技术人员S]管整体信息化，；[密码技术应用员S]专攻密码安全保障。
2-03-07,畜牧与草业技术人员,5-03-03,特种经济动物饲养人员,0.8505,POTENTIALLY_CONFUSED,[畜牧与草业技术人员]技术人员重研究推广；[特种经济动物饲养人员]饲养人员重日常喂养
2-02-18,建筑工程技术人员,6-29-02,土木工程建筑施工人员,0.8505,POTENTIALLY_CONFUSED,[建筑工程技术人员]技术人员重设计管理；[土木工程建筑施工人员]施工人员重现场执行
2-02-32,制药工程技术人员,6-12-03,药物制剂人员,0.8504,POTENTIALLY_CONFUSED,[制药工程技术人员]工程侧重工艺设计；[药物制剂人员]制剂侧重药物生产
2-09-05-05,摄影家,2-10-01-02,摄影记者,0.8504,POTENTIALLY_CONFUSED,[摄影家]从事艺术创作与自我表达；[摄影记者]从事新闻事件记录与报道
2-02-01-03,水工环地质工程技术人员,4-08-07-04,地质调查员L,0.8504,POTENTIALLY_CONFUSED,[水工环地质工程技术人员]侧重工程技术与治理，；[地质调查员L]侧重野外调查与找矿
2-06-07-02,市场营销专业人员,4-06-02-02,房地产策划师,0.8502,POTENTIALLY_CONFUSED,[市场营销专业人员]是通用营销，；[房地产策划师]是房产专项策划
6-10-01-05,石脑油加工工,6-11-02-12,芳香烃生产工,0.8501,POTENTIALLY_CONFUSED,[石脑油加工工]产石脑油等原料/组分，；[芳香烃生产工]专攻芳香烃精制
2-02-02-06,地理国情监测工程技术人员L/S,4-08-04-02,地理信息处理员L,0.85,POTENTIALLY_CONFUSED,[地理国情监测工程技术人员L/S]侧重工程设计与分析，；[地理信息处理员L]侧重数据录入与维护
2-08-03,幼儿园教师,2-08-99,其他教学人员,0.87,POTENTIALLY_CONFUSED,[幼儿园教师]专职幼儿教育保育；[其他教学人员]未归类的其他教学岗位兜底项
2-09-06,工艺美术与创意设计专业人员,2-09-05,美术专业人员,0.87,POTENTIALLY_CONFUSED,[工艺美术与创意设计专业人员]重工艺造型与创意设计；[美术专业人员]重纯造型艺术创作
2-02-30,管理(工业)工程技术人员,2-02-09,电子工程技术人员,0.86,POTENTIALLY_CONFUSED,[管理(工业)工程技术人员]优化生产服务系统与流程；[电子工程技术人员]研发电子硬件产品
2-06-07,商务专业人员,4-02-03,水上运输服务人员,0.86,POTENTIALLY_CONFUSED,[商务专业人员]做营销策划与商务咨询；[水上运输服务人员]从事港口船舶运输服务
6-08-01,印刷人员,4-07-07,会议及展览服务人员,0.86,POTENTIALLY_CONFUSED,[印刷人员]从事制版印刷与印后加工；[会议及展览服务人员]策划布展会展活动
2-06-09,银行专业人员,2-06-11,证券期货基金专业人员,0.86,POTENTIALLY_CONFUSED,[银行专业人员]在储蓄机构做资金存贷业务；[证券期货基金专业人员]做资本市场证券期货交易
2-08-99,其他教学人员,4-01-02,销售人员,0.86,POTENTIALLY_CONFUSED,[其他教学人员]未归类的在校教学岗位；[销售人员]从事生活用品或生产资料销售
2-02-30,管理(工业)工程技术人员,2-02-34,工业(产品)设计工程技术人员,0.86,POTENTIALLY_CONFUSED,[管理(工业)工程技术人员]优化系统流程提升效率；[工业(产品)设计工程技术人员]做工业造型与产品外观设计
2-02-34,工业(产品)设计工程技术人员,2-06-07,商务专业人员,0.85,POTENTIALLY_CONFUSED,[工业(产品)设计工程技术人员]做制造业造型研发与设计；[商务专业人员]做市场营销与商务策划
2-02-10,信息和通信工程技术人员,4-04-05,软件和信息技术服务人员,0.85,POTENTIALLY_CONFUSED,[信息和通信工程技术人员]研究设计通信工程系统；[软件和信息技术服务人员]开发软件提供IT技术服务
2-08-99,其他教学人员,4-13-04,教育服务人员,0.85,POTENTIALLY_CONFUSED,[其他教学人员]未归类的在校教学岗位；[教育服务人员]提供在线学习等教育辅助服务
4-07-03,人力资源服务人员,4-01-02,销售人员,0.85,POTENTIALLY_CONFUSED,[人力资源服务人员]做招聘培训等人力资源服务；[销售人员]做各类商品销售推广
4-13-01,社会文化活动服务人员,4-07-07,会议及展览服务人员,0.85,POTENTIALLY_CONFUSED,[社会文化活动服务人员]做礼仪主持与群众文化指导；[会议及展览服务人员]做会议展览策划与布展
4-01-06,电子商务服务人员,4-01-02,销售人员,0.85,POTENTIALLY_CONFUSED,[电子商务服务人员]专指互联网平台网络销售；[销售人员]涵盖线上线下全渠道销售
